DBN,Major N,Oth N,NoCrim N,Prop N,Vio N,AvgOfMajor N,AvgOfOth N,AvgOfNoCrim N,AvgOfProp N,AvgOfVio N,Latitude,Longitude,SATall,SATmath
16K393,0.0,0.0,0.0,0.0,0.0,0.0,0.0,0.0,0.0,0.0,40.692126,-73.931731,356.0,355.0
02M418,0.0,0.0,0.0,0.0,0.0,0.33,1.32,1.76,0.83,0.59,40.704487,-74.011556,538.0,553.0
02M418,0.0,0.0,0.0,0.0,0.0,0.31,1.12,1.82,0.79,0.51,40.704487,-74.011556,538.0,553.0
02M418,0.0,0.0,0.0,0.0,0.0,0.28,1.11,1.74,0.75,0.53,40.704487,-74.011556,538.0,553.0
16K594,0.0,0.0,0.0,0.0,0.0,0.0,0.0,0.0,0.0,0.0,40.680463,-73.922264,364.3333333333333,372.0
14K586,0.0,0.0,0.0,0.0,0.0,0.0,0.0,0.0,0.0,0.0,40.709941,-73.943641,367.6666666666667,377.0
14K454,0.0,0.0,0.0,0.0,0.0,0.0,0.0,0.0,0.0,0.0,40.709941,-73.943641,396.3333333333333,386.0
14K449,0.0,0.0,0.0,0.0,0.0,0.0,0.0,0.0,0.0,0.0,40.709941,-73.943641,580.0,584.0
23K493,0.0,0.0,0.0,0.0,0.0,0.0,0.0,0.0,0.0,0.0,40.674103,-73.913273,395.0,409.0
14K071,0.0,0.0,0.0,0.0,0.0,0.0,0.0,0.0,0.0,0.0,40.703624,-73.95314599999999,361.6666666666667,361.0
14K071,0.0,7.0,6.0,5.0,2.0,0.31,1.12,1.82,0.79,0.51,40.703624,-73.95314599999999,361.6666666666667,361.0
14K071,1.0,5.0,5.0,3.0,3.0,0.28,1.11,1.74,0.75,0.53,40.703624,-73.95314599999999,361.6666666666667,361.0
13K412,0.0,0.0,0.0,0.0,0.0,0.0,0.0,0.0,0.0,0.0,40.692642,-73.958794,371.3333333333333,355.0
15K448,0.0,0.0,0.0,0.0,0.0,0.0,0.0,0.0,0.0,0.0,40.68007,-74.001377,393.0,399.0
23K697,0.0,0.0,0.0,0.0,0.0,0.0,0.0,0.0,0.0,0.0,40.665878,-73.911705,398.6666666666667,416.0
23K514,0.0,0.0,0.0,0.0,0.0,0.0,0.0,0.0,0.0,0.0,40.665878,-73.911705,363.6666666666667,371.0
19K683,0.0,0.0,0.0,0.0,0.0,0.0,0.0,0.0,0.0,0.0,40.670724,-73.874208,385.6666666666667,400.0
18K589,0.0,0.0,0.0,0.0,0.0,0.0,0.0,0.0,0.0,0.0,40.658429999999996,-73.929076,360.0,360.0
18K635,0.0,1.0,0.0,1.0,0.0,0.43,1.03,1.23,0.99,0.41,40.645685,-73.8989,380.0,370.0
13K265,0.0,0.0,0.0,0.0,0.0,0.0,0.0,0.0,0.0,0.0,40.696324,-73.97578,358.0,349.0
13K265,0.0,5.0,6.0,1.0,4.0,0.27,1.11,1.38,0.8,0.48,40.696324,-73.97578,358.0,349.0
13K265,0.0,5.0,3.0,2.0,3.0,0.27,0.9,1.67,0.63,0.44,40.696324,-73.97578,358.0,349.0
23K647,0.0,0.0,0.0,0.0,0.0,0.0,0.0,0.0,0.0,0.0,40.656068,-73.90724499999999,342.6666666666667,346.0
23K643,0.0,0.0,0.0,0.0,0.0,0.0,0.0,0.0,0.0,0.0,40.656068,-73.90724499999999,339.3333333333333,338.0
32K564,0.0,0.0,0.0,0.0,0.0,0.0,0.0,0.0,0.0,0.0,40.695362,-73.915142,344.6666666666667,317.0
15K497,0.0,0.0,0.0,0.0,0.0,0.0,0.0,0.0,0.0,0.0,40.685419,-73.993351,404.0,415.0
15K429,0.0,0.0,0.0,0.0,0.0,0.0,0.0,0.0,0.0,0.0,40.685419,-73.993351,370.3333333333333,367.0
21K344,0.0,0.0,0.0,0.0,0.0,0.0,0.0,0.0,0.0,0.0,40.582533000000005,-73.97313199999999,412.3333333333333,427.0
13K483,0.0,0.0,0.0,0.0,0.0,0.0,0.0,0.0,0.0,0.0,40.694682,-73.988853,402.0,417.0
21K559,0.0,0.0,0.0,0.0,0.0,0.0,0.0,0.0,0.0,0.0,40.594291,-73.98577,374.6666666666667,375.0
21K337,0.0,0.0,0.0,0.0,0.0,0.0,0.0,0.0,0.0,0.0,40.594291,-73.98577,342.0,386.0
21K348,0.0,0.0,0.0,0.0,0.0,0.0,0.0,0.0,0.0,0.0,40.594291,-73.98577,388.0,398.0
21K572,0.0,0.0,0.0,0.0,0.0,0.0,0.0,0.0,0.0,0.0,40.594291,-73.98577,359.6666666666667,370.0
22K405,3.0,11.0,2.0,12.0,2.0,2.13,9.06,14.5,6.06,3.56,40.633237,-73.952929,491.0,519.0
22K405,0.0,5.0,5.0,2.0,3.0,1.57,7.21,14.07,5.14,2.57,40.633237,-73.952929,491.0,519.0
22K405,3.0,6.0,7.0,4.0,3.0,1.13,8.47,15.33,3.8,3.07,40.633237,-73.952929,491.0,519.0
21K410,0.0,0.0,0.0,0.0,0.0,0.0,0.0,0.0,0.0,0.0,40.581681,-73.967308,408.6666666666667,437.0
18K569,0.0,0.0,0.0,0.0,0.0,0.0,0.0,0.0,0.0,0.0,40.648657,-73.92217099999999,364.0,378.0
18K563,0.0,0.0,0.0,0.0,0.0,0.0,0.0,0.0,0.0,0.0,40.648657,-73.92217099999999,321.0,320.0
18K629,0.0,0.0,0.0,0.0,0.0,0.0,0.0,0.0,0.0,0.0,40.648657,-73.92217099999999,389.6666666666667,395.0
19K583,0.0,0.0,0.0,0.0,0.0,0.0,0.0,0.0,0.0,0.0,40.691146,-73.868328,295.6666666666667,322.0
19K659,0.0,0.0,0.0,0.0,0.0,0.0,0.0,0.0,0.0,0.0,40.691146,-73.868328,376.3333333333333,385.0
19K639,0.0,0.0,0.0,0.0,0.0,0.0,0.0,0.0,0.0,0.0,40.691146,-73.868328,369.3333333333333,385.0
19K618,0.0,0.0,0.0,0.0,0.0,0.0,0.0,0.0,0.0,0.0,40.691146,-73.868328,365.3333333333333,371.0
22K425,2.0,8.0,26.0,1.0,5.0,2.13,9.06,14.5,6.06,3.56,40.609912,-73.948512,450.0,475.0
22K425,4.0,14.0,28.0,10.0,7.0,1.57,7.21,14.07,5.14,2.57,40.609912,-73.948512,450.0,475.0
22K425,1.0,17.0,15.0,4.0,10.0,1.13,8.47,15.33,3.8,3.07,40.609912,-73.948512,450.0,475.0
13K430,2.0,6.0,8.0,3.0,0.0,1.8,7.8,7.6,6.2,2.2,40.688834,-73.976905,611.0,659.0
13K430,2.0,6.0,9.0,5.0,1.0,2.6,10.4,14.8,9.2,2.4,40.688834,-73.976905,611.0,659.0
13K430,0.0,4.0,6.0,0.0,2.0,0.33,6.67,7.0,3.33,2.0,40.688834,-73.976905,611.0,659.0
19K510,0.0,0.0,0.0,0.0,0.0,0.0,0.0,0.0,0.0,0.0,40.667456,-73.894747,368.6666666666667,365.0
19K507,0.0,0.0,0.0,0.0,0.0,0.0,0.0,0.0,0.0,0.0,40.667456,-73.894747,383.0,386.0
19K504,0.0,0.0,0.0,0.0,0.0,0.0,0.0,0.0,0.0,0.0,40.667456,-73.894747,351.3333333333333,349.0
19K502,0.0,0.0,0.0,0.0,0.0,0.0,0.0,0.0,0.0,0.0,40.667456,-73.894747,341.0,349.0
17K528,0.0,0.0,0.0,0.0,0.0,0.0,0.0,0.0,0.0,0.0,40.670349,-73.96169499999999,392.0,385.0
17K524,0.0,0.0,0.0,0.0,0.0,0.0,0.0,0.0,0.0,0.0,40.670349,-73.96169499999999,304.3333333333333,335.0
17K548,0.0,0.0,0.0,0.0,0.0,0.0,0.0,0.0,0.0,0.0,40.670349,-73.96169499999999,383.6666666666667,393.0
17K547,0.0,0.0,0.0,0.0,0.0,0.0,0.0,0.0,0.0,0.0,40.670349,-73.96169499999999,381.0,382.0
20K445,0.0,0.0,0.0,0.0,0.0,0.0,0.0,0.0,0.0,0.0,40.613262,-74.003404,424.0,471.0
20K445,1.0,5.0,14.0,4.0,2.0,1.57,7.21,14.07,5.14,2.57,40.613262,-74.003404,424.0,471.0
20K445,0.0,5.0,21.0,0.0,2.0,1.13,8.47,15.33,3.8,3.07,40.613262,-74.003404,424.0,471.0
14K478,0.0,0.0,0.0,0.0,0.0,0.0,0.0,0.0,0.0,0.0,40.712184,-73.939722,405.0,421.0
14K477,0.0,0.0,0.0,0.0,0.0,0.0,0.0,0.0,0.0,0.0,40.712184,-73.939722,401.3333333333333,396.0
14K474,0.0,0.0,0.0,0.0,0.0,0.0,0.0,0.0,0.0,0.0,40.712184,-73.939722,371.3333333333333,379.0
16K455,0.0,0.0,0.0,0.0,0.0,0.0,0.0,0.0,0.0,0.0,40.67944,-73.932407,365.6666666666667,370.0
13K553,0.0,0.0,0.0,0.0,0.0,0.0,0.0,0.0,0.0,0.0,40.685004,-73.947152,399.0,383.0
13K575,0.0,0.0,0.0,0.0,0.0,0.0,0.0,0.0,0.0,0.0,40.685004,-73.947152,394.3333333333333,391.0
15K462,0.0,0.0,0.0,0.0,0.0,0.0,0.0,0.0,0.0,0.0,40.669629,-73.979287,401.0,411.0
15K463,0.0,0.0,0.0,0.0,0.0,0.0,0.0,0.0,0.0,0.0,40.669629,-73.979287,389.6666666666667,391.0
15K464,0.0,0.0,0.0,0.0,0.0,0.0,0.0,0.0,0.0,0.0,40.669629,-73.979287,391.6666666666667,416.0
17K543,0.0,0.0,0.0,0.0,0.0,0.0,0.0,0.0,0.0,0.0,40.649786999999996,-73.95855,453.3333333333333,462.0
17K537,0.0,0.0,0.0,0.0,0.0,0.0,0.0,0.0,0.0,0.0,40.649786999999996,-73.95855,342.3333333333333,349.0
17K539,0.0,0.0,0.0,0.0,0.0,0.0,0.0,0.0,0.0,0.0,40.649786999999996,-73.95855,368.3333333333333,375.0
32K549,0.0,0.0,0.0,0.0,0.0,0.0,0.0,0.0,0.0,0.0,40.69697,-73.910791,345.0,353.0
17K408,0.0,0.0,0.0,0.0,0.0,0.0,0.0,0.0,0.0,0.0,40.649786999999996,-73.95855,348.3333333333333,342.0
17K382,0.0,0.0,0.0,0.0,0.0,0.0,0.0,0.0,0.0,0.0,40.649786999999996,-73.95855,379.6666666666667,374.0
17K531,0.0,0.0,0.0,0.0,0.0,0.0,0.0,0.0,0.0,0.0,40.658893,-73.942458,362.6666666666667,381.0
17K533,0.0,0.0,0.0,0.0,0.0,0.0,0.0,0.0,0.0,0.0,40.658893,-73.942458,384.3333333333333,404.0
17K544,0.0,0.0,0.0,0.0,0.0,0.0,0.0,0.0,0.0,0.0,40.658893,-73.942458,382.0,391.0
17K546,0.0,0.0,0.0,0.0,0.0,0.0,0.0,0.0,0.0,0.0,40.658893,-73.942458,424.3333333333333,441.0
32K552,0.0,0.0,0.0,0.0,0.0,0.0,0.0,0.0,0.0,0.0,40.69697,-73.910791,353.3333333333333,364.0
32K403,0.0,0.0,0.0,0.0,0.0,0.0,0.0,0.0,0.0,0.0,40.69697,-73.910791,366.0,366.0
20K485,0.0,3.0,2.0,2.0,0.0,0.86,3.26,5.55,2.17,1.29,40.637282,-74.023849,441.0,474.0
20K485,0.0,3.0,7.0,2.0,0.0,0.89,3.22,5.07,2.18,1.64,40.637282,-74.023849,441.0,474.0
20K485,0.0,2.0,3.0,1.0,1.0,0.64,3.02,5.77,1.72,1.54,40.637282,-74.023849,441.0,474.0
20K490,1.0,10.0,7.0,9.0,1.0,1.8,7.8,7.6,6.2,2.2,40.627835,-74.04004599999999,435.3333333333333,478.0
20K490,3.0,6.0,12.0,6.0,3.0,2.6,10.4,14.8,9.2,2.4,40.627835,-74.04004599999999,435.3333333333333,478.0
20K490,1.0,9.0,10.0,6.0,3.0,0.33,6.67,7.0,3.33,2.0,40.627835,-74.04004599999999,435.3333333333333,478.0
22K495,0.0,0.0,0.0,0.0,0.0,0.0,0.0,0.0,0.0,0.0,40.594124,-73.937696,381.6666666666667,392.0
18K642,0.0,0.0,0.0,0.0,0.0,0.0,0.0,0.0,0.0,0.0,40.641474,-73.89825400000001,378.3333333333333,385.0
18K633,0.0,0.0,0.0,0.0,0.0,0.0,0.0,0.0,0.0,0.0,40.641474,-73.89825400000001,386.3333333333333,380.0
18K617,0.0,0.0,0.0,0.0,0.0,0.0,0.0,0.0,0.0,0.0,40.641474,-73.89825400000001,394.3333333333333,393.0
20K658,0.0,0.0,0.0,0.0,0.0,0.0,0.0,0.0,0.0,0.0,40.620446,-73.98179499999999,377.0,477.0
20K505,0.0,0.0,0.0,0.0,0.0,0.0,0.0,0.0,0.0,0.0,40.620446,-73.98179499999999,414.6666666666667,486.0
18K576,0.0,0.0,0.0,0.0,0.0,0.0,0.0,0.0,0.0,0.0,40.633285,-73.916735,381.0,377.0
18K567,0.0,0.0,0.0,0.0,0.0,0.0,0.0,0.0,0.0,0.0,40.633285,-73.916735,372.6666666666667,358.0
18K566,0.0,0.0,0.0,0.0,0.0,0.0,0.0,0.0,0.0,0.0,40.633285,-73.916735,381.6666666666667,377.0
18K578,0.0,0.0,0.0,0.0,0.0,0.0,0.0,0.0,0.0,0.0,40.633285,-73.916735,365.6666666666667,362.0
18K637,0.0,0.0,0.0,0.0,0.0,0.0,0.0,0.0,0.0,0.0,40.633285,-73.916735,370.3333333333333,381.0
21K525,2.0,8.0,6.0,8.0,2.0,1.8,7.8,7.6,6.2,2.2,40.620525,-73.959285,477.0,496.0
21K525,4.0,9.0,16.0,11.0,1.0,2.6,10.4,14.8,9.2,2.4,40.620525,-73.959285,477.0,496.0
21K525,1.0,8.0,8.0,4.0,2.0,1.13,8.47,15.33,3.8,3.07,40.620525,-73.959285,477.0,496.0
22K535,0.0,0.0,0.0,0.0,0.0,0.56,2.4,3.56,1.36,1.05,40.580894,-73.935952,542.3333333333334,561.0
22K535,0.0,0.0,0.0,0.0,0.0,0.48,2.19,3.69,1.29,1.0,40.580894,-73.935952,542.3333333333334,561.0
22K535,0.0,0.0,0.0,0.0,0.0,0.57,2.12,3.64,1.39,1.05,40.580894,-73.935952,542.3333333333334,561.0
21K540,3.0,8.0,10.0,3.0,8.0,0.81,5.43,8.48,3.24,2.33,40.589268,-73.981738,420.6666666666667,468.0
21K540,1.0,8.0,5.0,5.0,4.0,1.96,7.74,16.07,5.48,3.44,40.589268,-73.981738,420.6666666666667,468.0
21K540,0.0,12.0,13.0,4.0,7.0,1.69,7.16,17.44,3.63,3.94,40.589268,-73.981738,420.6666666666667,468.0
32K554,0.0,0.0,1.0,0.0,0.0,0.35,1.06,1.09,0.73,0.5,40.69737,-73.91317099999999,438.3333333333333,465.0
32K554,0.0,0.0,0.0,0.0,0.0,0.27,1.11,1.38,0.8,0.48,40.69737,-73.91317099999999,438.3333333333333,465.0
32K554,0.0,0.0,1.0,0.0,0.0,0.27,0.9,1.67,0.63,0.44,40.69737,-73.91317099999999,438.3333333333333,465.0
13K605,0.0,0.0,0.0,0.0,0.0,0.0,0.0,0.0,0.0,0.0,40.694926,-73.98601500000001,396.3333333333333,391.0
13K674,0.0,0.0,0.0,0.0,0.0,0.0,0.0,0.0,0.0,0.0,40.694926,-73.98601500000001,451.0,499.0
17K590,2.0,4.0,2.0,5.0,1.0,0.56,2.4,3.56,1.36,1.05,40.667195,-73.951167,478.6666666666667,481.0
17K590,1.0,3.0,1.0,3.0,0.0,0.89,3.22,5.07,2.18,1.64,40.667195,-73.951167,478.6666666666667,481.0
17K590,0.0,2.0,2.0,2.0,0.0,0.57,2.12,3.64,1.39,1.05,40.667195,-73.951167,478.6666666666667,481.0
17K600,0.0,7.0,14.0,3.0,4.0,0.81,3.95,6.51,2.3,1.78,40.669567,-73.961962,417.0,413.0
17K600,5.0,11.0,19.0,5.0,11.0,0.89,3.22,5.07,2.18,1.64,40.669567,-73.961962,417.0,413.0
17K600,4.0,8.0,13.0,1.0,10.0,0.64,3.02,5.77,1.72,1.54,40.669567,-73.961962,417.0,413.0
14K632,0.0,0.0,0.0,0.0,0.0,0.0,0.0,0.0,0.0,0.0,40.721981,-73.953281,374.0,372.0
14K610,0.0,0.0,0.0,0.0,0.0,0.0,0.0,0.0,0.0,0.0,40.721981,-73.953281,364.3333333333333,376.0
19K615,0.0,2.0,16.0,0.0,1.0,0.56,2.4,3.56,1.36,1.05,40.678276000000004,-73.87595999999999,397.6666666666667,418.0
19K615,0.0,10.0,6.0,6.0,4.0,0.48,2.19,3.69,1.29,1.0,40.678276000000004,-73.87595999999999,397.6666666666667,418.0
19K615,3.0,8.0,9.0,2.0,8.0,0.57,2.12,3.64,1.39,1.05,40.678276000000004,-73.87595999999999,397.6666666666667,418.0
21K620,0.0,0.0,0.0,0.0,0.0,0.0,0.0,0.0,0.0,0.0,40.582584999999995,-73.963477,394.6666666666667,414.0
21K620,5.0,6.0,13.0,7.0,3.0,0.31,1.12,1.82,0.79,0.51,40.582584999999995,-73.963477,394.6666666666667,414.0
21K620,3.0,1.0,10.0,1.0,3.0,0.28,1.11,1.74,0.75,0.53,40.582584999999995,-73.963477,394.6666666666667,414.0
17K625,0.0,0.0,0.0,0.0,0.0,0.0,0.0,0.0,0.0,0.0,40.675612,-73.938843,361.0,363.0
14K561,0.0,0.0,0.0,0.0,0.0,0.0,0.0,0.0,0.0,0.0,40.715073,-73.95475400000001,395.6666666666667,410.0
14K558,0.0,0.0,0.0,0.0,0.0,0.0,0.0,0.0,0.0,0.0,40.715073,-73.95475400000001,370.6666666666667,385.0
14K488,0.0,0.0,0.0,0.0,0.0,0.0,0.0,0.0,0.0,0.0,40.715073,-73.95475400000001,363.3333333333333,373.0
15K656,0.0,0.0,0.0,0.0,0.0,0.0,0.0,0.0,0.0,0.0,40.683559,-73.98026999999999,419.3333333333333,421.0
19K660,0.0,8.0,12.0,0.0,6.0,0.35,1.06,1.09,0.73,0.5,40.674135,-73.89643000000001,367.3333333333333,369.0
19K660,1.0,0.0,2.0,0.0,1.0,0.31,1.12,1.82,0.79,0.51,40.674135,-73.89643000000001,367.3333333333333,369.0
19K660,2.0,1.0,8.0,1.0,1.0,0.27,0.9,1.67,0.63,0.44,40.674135,-73.89643000000001,367.3333333333333,369.0
21K690,0.0,3.0,4.0,1.0,1.0,0.52,1.71,2.49,1.16,0.75,40.604879,-73.994404,437.6666666666667,449.0
21K690,0.0,0.0,1.0,0.0,0.0,0.46,1.65,2.77,1.17,0.75,40.604879,-73.994404,437.6666666666667,449.0
21K690,0.0,2.0,3.0,0.0,1.0,0.38,1.71,2.38,0.98,0.82,40.604879,-73.994404,437.6666666666667,449.0
21K728,0.0,2.0,3.0,2.0,0.0,0.43,1.03,1.23,0.99,0.41,40.577208,-73.98595300000001,384.3333333333333,369.0
21K728,0.0,0.0,7.0,0.0,0.0,0.36,0.76,1.17,0.64,0.37,40.577208,-73.98595300000001,384.3333333333333,369.0
21K728,2.0,1.0,3.0,2.0,0.0,0.24,0.71,1.71,0.51,0.32,40.577208,-73.98595300000001,384.3333333333333,369.0
14K685,0.0,1.0,0.0,1.0,0.0,0.43,1.03,1.23,0.99,0.41,40.705898,-73.955611,345.0,335.0
14K685,2.0,2.0,2.0,4.0,0.0,0.36,0.76,1.17,0.64,0.37,40.705898,-73.955611,345.0,335.0
14K685,0.0,1.0,1.0,1.0,0.0,0.24,0.71,1.71,0.51,0.32,40.705898,-73.955611,345.0,335.0
15K519,3.0,3.0,4.0,1.0,5.0,0.33,1.32,1.76,0.83,0.59,40.684523999999996,-73.990993,395.0,402.0
15K519,0.0,2.0,5.0,0.0,2.0,0.31,1.12,1.82,0.79,0.51,40.684523999999996,-73.990993,395.0,402.0
15K519,0.0,4.0,16.0,0.0,4.0,0.28,1.11,1.74,0.75,0.53,40.684523999999996,-73.990993,395.0,402.0
13K350,0.0,0.0,0.0,0.0,0.0,0.0,0.0,0.0,0.0,0.0,40.697339,-73.985016,360.0,364.0
13K419,0.0,0.0,0.0,0.0,0.0,0.0,0.0,0.0,0.0,0.0,40.697339,-73.985016,403.6666666666667,417.0
13K439,0.0,0.0,0.0,0.0,0.0,0.0,0.0,0.0,0.0,0.0,40.697339,-73.985016,327.0,364.0
15K530,0.0,0.0,0.0,0.0,0.0,0.0,0.0,0.0,0.0,0.0,40.686499,-73.979649,367.0,365.0
19K409,0.0,0.0,1.0,0.0,0.0,0.35,1.06,1.09,0.73,0.5,40.661072,-73.886942,414.0,432.0
19K409,0.0,0.0,2.0,0.0,0.0,0.27,1.11,1.38,0.8,0.48,40.661072,-73.886942,414.0,432.0
19K409,0.0,0.0,1.0,0.0,0.0,0.27,0.9,1.67,0.63,0.44,40.661072,-73.886942,414.0,432.0
17K489,0.0,0.0,0.0,0.0,0.0,0.0,0.0,0.0,0.0,0.0,40.6701,-73.954972,364.0,364.0
17K489,1.0,1.0,1.0,2.0,0.0,0.36,0.76,1.17,0.64,0.37,40.6701,-73.954972,364.0,364.0
17K489,0.0,2.0,4.0,0.0,1.0,0.24,0.71,1.71,0.51,0.32,40.6701,-73.954972,364.0,364.0
15K698,0.0,0.0,1.0,0.0,0.0,0.43,1.03,1.23,0.99,0.41,40.677969,-74.014363,423.6666666666667,416.0
15K698,0.0,1.0,0.0,1.0,0.0,0.36,0.76,1.17,0.64,0.37,40.677969,-74.014363,423.6666666666667,416.0
15K698,0.0,2.0,1.0,1.0,1.0,0.24,0.71,1.71,0.51,0.32,40.677969,-74.014363,423.6666666666667,416.0
18K673,2.0,2.0,1.0,4.0,0.0,0.43,1.03,1.23,0.99,0.41,40.65911,-73.92036800000001,397.0,403.0
18K673,0.0,1.0,3.0,0.0,1.0,0.36,0.76,1.17,0.64,0.37,40.65911,-73.92036800000001,397.0,403.0
18K673,0.0,0.0,5.0,0.0,0.0,0.24,0.71,1.71,0.51,0.32,40.65911,-73.92036800000001,397.0,403.0
32K556,0.0,1.0,0.0,0.0,0.0,0.35,1.06,1.09,0.73,0.5,40.695056,-73.92814,351.6666666666667,358.0
32K556,1.0,0.0,2.0,1.0,0.0,0.27,1.11,1.38,0.8,0.48,40.695056,-73.92814,351.6666666666667,358.0
32K556,0.0,3.0,5.0,0.0,2.0,0.27,0.9,1.67,0.63,0.44,40.695056,-73.92814,351.6666666666667,358.0
23K646,0.0,0.0,0.0,0.0,0.0,0.0,0.0,0.0,0.0,0.0,40.67715,-73.903953,331.0,371.0
23K646,4.0,4.0,7.0,6.0,1.0,0.36,0.76,1.17,0.64,0.37,40.67715,-73.903953,331.0,371.0
23K646,2.0,3.0,18.0,2.0,2.0,0.24,0.71,1.71,0.51,0.32,40.67715,-73.903953,331.0,371.0
17K568,1.0,3.0,6.0,4.0,0.0,0.43,1.03,1.23,0.99,0.41,40.666517999999996,-73.92405699999999,354.3333333333333,356.0
17K568,0.0,4.0,3.0,1.0,3.0,0.36,0.76,1.17,0.64,0.37,40.666517999999996,-73.92405699999999,354.3333333333333,356.0
17K568,0.0,3.0,9.0,2.0,1.0,0.24,0.71,1.71,0.51,0.32,40.666517999999996,-73.92405699999999,354.3333333333333,356.0
13K499,3.0,2.0,9.0,2.0,2.0,0.33,1.32,1.76,0.83,0.59,40.678488,-73.96210500000001,372.0,364.0
13K499,1.0,5.0,6.0,4.0,1.0,0.31,1.12,1.82,0.79,0.51,40.678488,-73.96210500000001,372.0,364.0
13K499,1.0,2.0,3.0,2.0,1.0,0.27,0.9,1.67,0.63,0.44,40.678488,-73.96210500000001,372.0,364.0
32K545,0.0,2.0,2.0,1.0,1.0,0.33,1.32,1.76,0.83,0.59,40.694507,-73.929107,384.6666666666667,409.0
32K545,0.0,2.0,5.0,1.0,1.0,0.31,1.12,1.82,0.79,0.51,40.694507,-73.929107,384.6666666666667,409.0
32K545,1.0,2.0,5.0,1.0,2.0,0.28,1.11,1.74,0.75,0.53,40.694507,-73.929107,384.6666666666667,409.0
13K670,0.0,2.0,1.0,2.0,0.0,0.52,1.71,2.49,1.16,0.75,40.695332,-73.969243,463.6666666666667,472.0
13K670,1.0,6.0,8.0,3.0,1.0,0.46,1.65,2.77,1.17,0.75,40.695332,-73.969243,463.6666666666667,472.0
13K670,0.0,3.0,6.0,1.0,2.0,0.38,1.71,2.38,0.98,0.82,40.695332,-73.969243,463.6666666666667,472.0
22K555,0.0,0.0,0.0,0.0,0.0,0.33,1.32,1.76,0.83,0.59,40.649404,-73.97173599999999,450.6666666666667,456.0
22K555,0.0,1.0,1.0,0.0,0.0,0.31,1.12,1.82,0.79,0.51,40.649404,-73.97173599999999,450.6666666666667,456.0
22K555,0.0,1.0,0.0,1.0,0.0,0.28,1.11,1.74,0.75,0.53,40.649404,-73.97173599999999,450.6666666666667,456.0
16K498,0.0,11.0,5.0,7.0,2.0,0.33,1.32,1.76,0.83,0.59,40.688831,-73.920906,364.0,372.0
16K498,1.0,2.0,10.0,1.0,2.0,0.31,1.12,1.82,0.79,0.51,40.688831,-73.920906,364.0,372.0
16K498,0.0,2.0,12.0,1.0,0.0,0.28,1.11,1.74,0.75,0.53,40.688831,-73.920906,364.0,372.0
13K595,0.0,1.0,2.0,1.0,0.0,0.35,1.06,1.09,0.73,0.5,40.68538,-73.954302,437.3333333333333,443.0
13K595,0.0,0.0,0.0,0.0,0.0,0.27,1.11,1.38,0.8,0.48,40.68538,-73.954302,437.3333333333333,443.0
13K595,0.0,2.0,1.0,2.0,0.0,0.27,0.9,1.67,0.63,0.44,40.68538,-73.954302,437.3333333333333,443.0
05M499,0.0,10.0,8.0,6.0,3.0,0.86,3.26,5.55,2.17,1.29,40.824319,-73.93712,458.0,474.0
05M499,2.0,6.0,7.0,4.0,4.0,0.89,3.22,5.07,2.18,1.64,40.824319,-73.93712,458.0,474.0
05M499,1.0,5.0,10.0,2.0,3.0,0.64,3.02,5.77,1.72,1.54,40.824319,-73.93712,458.0,474.0
04M555,0.0,0.0,0.0,0.0,0.0,0.0,0.0,0.0,0.0,0.0,40.793763,-73.949381,407.0,421.0
02M408,0.0,0.0,0.0,0.0,0.0,0.0,0.0,0.0,0.0,0.0,40.761448,-73.988019,507.3333333333333,490.0
01M539,0.0,3.0,4.0,2.0,1.0,0.81,3.95,6.51,2.3,1.78,40.718895,-73.97930799999999,540.3333333333334,574.0
01M539,0.0,2.0,3.0,1.0,1.0,0.82,2.97,5.58,1.79,1.67,40.718895,-73.97930799999999,540.3333333333334,574.0
01M539,0.0,3.0,2.0,3.0,0.0,0.9,3.5,7.25,2.55,1.45,40.718895,-73.97930799999999,540.3333333333334,574.0
01M509,0.0,0.0,0.0,0.0,0.0,0.0,0.0,0.0,0.0,0.0,40.720581,-73.98564499999999,402.3333333333333,433.0
01M515,0.0,0.0,0.0,0.0,0.0,0.0,0.0,0.0,0.0,0.0,40.720581,-73.98564499999999,401.6666666666667,557.0
05M369,0.0,0.0,0.0,0.0,0.0,0.0,0.0,0.0,0.0,0.0,40.815256,-73.955325,359.0,353.0
05M367,0.0,0.0,0.0,0.0,0.0,0.0,0.0,0.0,0.0,0.0,40.815256,-73.955325,354.0,366.0
02M655,0.0,5.0,3.0,2.0,2.0,0.52,1.71,2.49,1.16,0.75,40.783625,-73.945637,412.0,424.0
02M655,2.0,4.0,12.0,4.0,2.0,0.31,1.12,1.82,0.79,0.51,40.783625,-73.945637,412.0,424.0
02M655,2.0,5.0,17.0,4.0,3.0,0.28,1.11,1.74,0.75,0.53,40.783625,-73.945637,412.0,424.0
04M409,0.0,0.0,0.0,0.0,0.0,0.0,0.0,0.0,0.0,0.0,40.798884,-73.933319,361.3333333333333,357.0
02M047,0.0,0.0,0.0,0.0,0.0,0.0,0.0,0.0,0.0,0.0,40.738548,-73.982455,394.0,400.0
01M292,0.0,0.0,0.0,0.0,0.0,0.0,0.0,0.0,0.0,0.0,40.713684,-73.986336,374.0,404.0
01M450,1.0,4.0,0.0,3.0,1.0,0.33,1.32,1.76,0.83,0.59,40.729589000000004,-73.982555,383.0,402.0
01M450,0.0,2.0,1.0,2.0,0.0,0.31,1.12,1.82,0.79,0.51,40.729589000000004,-73.982555,383.0,402.0
01M450,0.0,4.0,1.0,1.0,1.0,0.28,1.11,1.74,0.75,0.53,40.729589000000004,-73.982555,383.0,402.0
02M414,0.0,0.0,0.0,0.0,0.0,0.0,0.0,0.0,0.0,0.0,40.742129,-74.00219799999999,473.0,492.0
02M412,0.0,0.0,0.0,0.0,0.0,0.0,0.0,0.0,0.0,0.0,40.742129,-74.00219799999999,559.0,590.0
03M415,0.0,0.0,0.0,0.0,0.0,0.0,0.0,0.0,0.0,0.0,40.802207,-73.954142,369.6666666666667,368.0
03M860,0.0,0.0,0.0,0.0,0.0,0.0,0.0,0.0,0.0,0.0,40.802207,-73.954142,365.3333333333333,379.0
01M696,0.0,0.0,0.0,0.0,0.0,0.33,1.32,1.76,0.83,0.59,40.719029,-73.975891,618.6666666666666,604.0
01M696,0.0,0.0,2.0,0.0,0.0,0.31,1.12,1.82,0.79,0.51,40.719029,-73.975891,618.6666666666666,604.0
01M696,0.0,0.0,1.0,0.0,0.0,0.28,1.11,1.74,0.75,0.53,40.719029,-73.975891,618.6666666666666,604.0
04M635,0.0,0.0,0.0,0.0,0.0,0.0,0.0,0.0,0.0,0.0,40.785671,-73.942548,365.0,369.0
04M680,0.0,2.0,1.0,0.0,1.0,0.35,1.06,1.09,0.73,0.5,40.791881,-73.946558,351.3333333333333,351.0
04M680,1.0,1.0,4.0,1.0,0.0,0.27,1.11,1.38,0.8,0.48,40.791881,-73.946558,351.3333333333333,351.0
04M680,0.0,0.0,2.0,0.0,0.0,0.27,0.9,1.67,0.63,0.44,40.791881,-73.946558,351.3333333333333,351.0
03M485,2.0,2.0,5.0,4.0,0.0,2.93,12.33,31.53,6.47,5.13,40.773629,-73.98527299999999,569.0,564.0
03M485,0.0,3.0,8.0,2.0,1.0,3.33,12.0,34.5,6.42,7.17,40.773629,-73.98527299999999,569.0,564.0
03M485,0.0,4.0,2.0,2.0,0.0,3.14,13.0,34.86,8.29,5.29,40.773629,-73.98527299999999,569.0,564.0
02M298,0.0,0.0,0.0,0.0,0.0,0.0,0.0,0.0,0.0,0.0,40.716553000000005,-73.993092,431.0,438.0
02M394,0.0,0.0,0.0,0.0,0.0,0.0,0.0,0.0,0.0,0.0,40.716553000000005,-73.993092,396.0,512.0
05M304,0.0,0.0,0.0,0.0,0.0,0.0,0.0,0.0,0.0,0.0,40.817372,-73.947712,403.3333333333333,399.0
05M685,0.0,0.0,0.0,0.0,0.0,0.0,0.0,0.0,0.0,0.0,40.817372,-73.947712,361.6666666666667,361.0
06M348,0.0,0.0,0.0,0.0,0.0,0.0,0.0,0.0,0.0,0.0,40.848908,-73.930948,391.3333333333333,395.0
06M293,0.0,0.0,0.0,0.0,0.0,0.0,0.0,0.0,0.0,0.0,40.86079,-73.930672,423.3333333333333,446.0
02M529,1.0,5.0,4.0,6.0,0.0,0.33,1.32,1.76,0.83,0.59,40.757729,-73.983078,413.0,425.0
02M529,1.0,9.0,13.0,6.0,4.0,0.31,1.12,1.82,0.79,0.51,40.757729,-73.983078,413.0,425.0
02M529,2.0,7.0,19.0,4.0,3.0,0.28,1.11,1.74,0.75,0.53,40.757729,-73.983078,413.0,425.0
02M316,0.0,0.0,0.0,0.0,0.0,0.0,0.0,0.0,0.0,0.0,40.70568,-74.013302,375.6666666666667,370.0
02M580,0.0,0.0,0.0,0.0,0.0,0.0,0.0,0.0,0.0,0.0,40.70568,-74.013302,398.3333333333333,384.0
04M435,0.0,0.0,0.0,0.0,0.0,0.0,0.0,0.0,0.0,0.0,40.793856,-73.934028,476.6666666666667,514.0
02M419,0.0,0.0,0.0,0.0,0.0,0.0,0.0,0.0,0.0,0.0,40.742867,-74.002136,390.0,399.0
02M313,0.0,0.0,0.0,0.0,0.0,0.0,0.0,0.0,0.0,0.0,40.742867,-74.002136,396.0,390.0
02M605,0.0,0.0,0.0,0.0,0.0,0.0,0.0,0.0,0.0,0.0,40.742867,-74.002136,418.3333333333333,403.0
02M305,0.0,0.0,0.0,0.0,0.0,0.0,0.0,0.0,0.0,0.0,40.716778000000005,-73.989337,382.6666666666667,388.0
02M543,0.0,0.0,0.0,0.0,0.0,0.0,0.0,0.0,0.0,0.0,40.716778000000005,-73.989337,389.3333333333333,395.0
02M308,0.0,0.0,0.0,0.0,0.0,0.0,0.0,0.0,0.0,0.0,40.716778000000005,-73.989337,400.0,392.0
02M545,0.0,0.0,0.0,0.0,0.0,0.0,0.0,0.0,0.0,0.0,40.716778000000005,-73.989337,474.6666666666667,581.0
02M294,0.0,0.0,0.0,0.0,0.0,0.0,0.0,0.0,0.0,0.0,40.716778000000005,-73.989337,385.3333333333333,384.0
01M448,1.0,0.0,2.0,1.0,0.0,0.35,1.06,1.09,0.73,0.5,40.712399,-73.98449699999999,390.6666666666667,423.0
01M448,0.0,1.0,2.0,1.0,0.0,0.27,1.11,1.38,0.8,0.48,40.712399,-73.98449699999999,390.6666666666667,423.0
01M448,0.0,3.0,5.0,0.0,1.0,0.27,0.9,1.67,0.63,0.44,40.712399,-73.98449699999999,390.6666666666667,423.0
02M550,2.0,2.0,1.0,3.0,1.0,0.35,1.06,1.09,0.73,0.5,40.741657000000004,-73.999307,385.3333333333333,436.0
02M550,0.0,1.0,1.0,0.0,1.0,0.27,1.11,1.38,0.8,0.48,40.741657000000004,-73.999307,385.3333333333333,436.0
02M550,0.0,0.0,1.0,0.0,0.0,0.27,0.9,1.67,0.63,0.44,40.741657000000004,-73.999307,385.3333333333333,436.0
02M413,0.0,0.0,3.0,0.0,0.0,0.33,1.32,1.76,0.83,0.59,40.738952000000005,-73.985479,521.6666666666666,533.0
02M413,1.0,0.0,3.0,1.0,0.0,0.31,1.12,1.82,0.79,0.51,40.738952000000005,-73.985479,521.6666666666666,533.0
02M413,1.0,2.0,1.0,3.0,0.0,0.28,1.11,1.74,0.75,0.53,40.738952000000005,-73.985479,521.6666666666666,533.0
02M460,0.0,0.0,0.0,0.0,0.0,0.0,0.0,0.0,0.0,0.0,40.735494,-73.987659,373.3333333333333,387.0
02M374,0.0,0.0,0.0,0.0,0.0,0.0,0.0,0.0,0.0,0.0,40.735494,-73.987659,392.0,391.0
02M575,0.0,1.0,0.0,1.0,0.0,0.52,1.71,2.49,1.16,0.75,40.732715999999996,-73.984665,401.6666666666667,517.0
02M575,0.0,1.0,0.0,1.0,0.0,0.31,1.12,1.82,0.79,0.51,40.732715999999996,-73.984665,401.6666666666667,517.0
02M575,2.0,3.0,1.0,2.0,3.0,0.28,1.11,1.74,0.75,0.53,40.732715999999996,-73.984665,401.6666666666667,517.0
06M462,0.0,0.0,0.0,0.0,0.0,0.0,0.0,0.0,0.0,0.0,40.855954,-73.927051,375.6666666666667,384.0
06M463,0.0,0.0,0.0,0.0,0.0,0.0,0.0,0.0,0.0,0.0,40.855954,-73.927051,366.0,380.0
06M467,0.0,0.0,0.0,0.0,0.0,0.0,0.0,0.0,0.0,0.0,40.855954,-73.927051,367.3333333333333,378.0
06M468,0.0,0.0,0.0,0.0,0.0,0.0,0.0,0.0,0.0,0.0,40.855954,-73.927051,408.0,422.0
06M457,0.0,0.0,0.0,0.0,0.0,0.0,0.0,0.0,0.0,0.0,40.855954,-73.927051,365.6666666666667,357.0
03M404,0.0,0.0,0.0,0.0,0.0,0.0,0.0,0.0,0.0,0.0,40.785803,-73.974614,400.0,403.0
01M650,0.0,0.0,0.0,0.0,0.0,0.0,0.0,0.0,0.0,0.0,40.72252,-73.990728,415.3333333333333,418.0
02M407,0.0,0.0,0.0,0.0,0.0,0.0,0.0,0.0,0.0,0.0,40.732447,-73.98303100000001,474.6666666666667,465.0
02M420,0.0,0.0,0.0,0.0,0.0,0.0,0.0,0.0,0.0,0.0,40.732447,-73.98303100000001,435.3333333333333,449.0
02M475,0.0,2.0,2.0,1.0,0.0,2.13,9.06,14.5,6.06,3.56,40.71759,-74.01374799999999,698.6666666666666,735.0
02M475,0.0,1.0,1.0,1.0,0.0,1.57,7.21,14.07,5.14,2.57,40.71759,-74.01374799999999,698.6666666666666,735.0
02M475,0.0,2.0,4.0,1.0,0.0,1.13,8.47,15.33,3.8,3.07,40.71759,-74.01374799999999,698.6666666666666,735.0
02M449,0.0,0.0,0.0,0.0,0.0,0.0,0.0,0.0,0.0,0.0,40.765359000000004,-73.960059,399.6666666666667,416.0
02M565,0.0,0.0,0.0,0.0,0.0,0.0,0.0,0.0,0.0,0.0,40.765359000000004,-73.960059,515.6666666666666,508.0
02M519,0.0,0.0,0.0,0.0,0.0,0.0,0.0,0.0,0.0,0.0,40.765359000000004,-73.960059,472.0,472.0
02M459,0.0,0.0,0.0,0.0,0.0,0.0,0.0,0.0,0.0,0.0,40.765359000000004,-73.960059,409.0,460.0
02M630,0.0,0.0,0.0,0.0,0.0,0.0,0.0,0.0,0.0,0.0,40.759240000000005,-73.967203,438.3333333333333,441.0
03M307,0.0,0.0,0.0,0.0,0.0,0.0,0.0,0.0,0.0,0.0,40.774351,-73.984753,381.3333333333333,390.0
03M283,0.0,0.0,0.0,0.0,0.0,0.0,0.0,0.0,0.0,0.0,40.774351,-73.984753,397.6666666666667,379.0
03M541,0.0,0.0,0.0,0.0,0.0,0.0,0.0,0.0,0.0,0.0,40.774351,-73.984753,482.0,506.0
03M494,0.0,0.0,0.0,0.0,0.0,0.0,0.0,0.0,0.0,0.0,40.774351,-73.984753,425.6666666666667,433.0
03M492,0.0,0.0,0.0,0.0,0.0,0.0,0.0,0.0,0.0,0.0,40.774351,-73.984753,398.6666666666667,398.0
03M299,0.0,0.0,0.0,0.0,0.0,0.0,0.0,0.0,0.0,0.0,40.774351,-73.984753,377.3333333333333,384.0
04M495,0.0,2.0,2.0,1.0,0.0,0.35,1.06,1.09,0.73,0.5,40.790543,-73.944356,376.0,379.0
04M495,0.0,2.0,2.0,1.0,1.0,0.27,1.11,1.38,0.8,0.48,40.790543,-73.944356,376.0,379.0
04M495,0.0,1.0,2.0,0.0,1.0,0.27,0.9,1.67,0.63,0.44,40.790543,-73.944356,376.0,379.0
05M469,0.0,0.0,0.0,0.0,0.0,0.0,0.0,0.0,0.0,0.0,40.807383,-73.939433,366.3333333333333,360.0
03M505,2.0,4.0,4.0,5.0,1.0,0.33,1.32,1.76,0.83,0.59,40.797559,-73.966837,373.6666666666667,369.0
03M505,0.0,4.0,8.0,4.0,0.0,0.31,1.12,1.82,0.79,0.51,40.797559,-73.966837,373.6666666666667,369.0
03M505,1.0,3.0,7.0,3.0,0.0,0.28,1.11,1.74,0.75,0.53,40.797559,-73.966837,373.6666666666667,369.0
01M458,0.0,0.0,0.0,0.0,0.0,0.0,0.0,0.0,0.0,0.0,40.72252,-73.990728,391.3333333333333,401.0
05M692,0.0,0.0,0.0,0.0,0.0,0.35,1.06,1.09,0.73,0.5,40.82074,-73.949097,615.6666666666666,654.0
05M692,0.0,0.0,0.0,0.0,0.0,0.27,1.11,1.38,0.8,0.48,40.82074,-73.949097,615.6666666666666,654.0
05M692,0.0,0.0,0.0,0.0,0.0,0.27,0.9,1.67,0.63,0.44,40.82074,-73.949097,615.6666666666666,654.0
02M520,0.0,0.0,0.0,0.0,0.0,0.0,0.0,0.0,0.0,0.0,40.711442,-74.000851,413.3333333333333,440.0
02M300,0.0,0.0,0.0,0.0,0.0,0.0,0.0,0.0,0.0,0.0,40.765184000000005,-73.992953,423.0,449.0
02M542,0.0,0.0,0.0,0.0,0.0,0.0,0.0,0.0,0.0,0.0,40.765184000000005,-73.992953,352.6666666666667,378.0
02M296,0.0,0.0,0.0,0.0,0.0,0.0,0.0,0.0,0.0,0.0,40.765184000000005,-73.992953,370.3333333333333,375.0
02M288,0.0,0.0,0.0,0.0,0.0,0.0,0.0,0.0,0.0,0.0,40.765184000000005,-73.992953,398.0,393.0
02M303,0.0,0.0,0.0,0.0,0.0,0.0,0.0,0.0,0.0,0.0,40.765184000000005,-73.992953,350.3333333333333,358.0
06M540,9.0,23.0,17.0,17.0,9.0,0.86,3.26,5.55,2.17,1.29,40.818188,-73.950356,436.3333333333333,456.0
06M540,10.0,17.0,16.0,13.0,12.0,0.89,3.22,5.07,2.18,1.64,40.818188,-73.950356,436.3333333333333,456.0
06M540,3.0,8.0,14.0,6.0,4.0,0.64,3.02,5.77,1.72,1.54,40.818188,-73.950356,436.3333333333333,456.0
02M600,1.0,6.0,9.0,4.0,1.0,0.81,3.95,6.51,2.3,1.78,40.745156,-73.996074,419.0,423.0
02M600,1.0,7.0,11.0,7.0,1.0,0.95,3.35,6.9,2.5,1.45,40.745156,-73.996074,419.0,423.0
02M600,2.0,8.0,17.0,7.0,3.0,0.9,3.5,7.25,2.55,1.45,40.745156,-73.996074,419.0,423.0
02M376,0.0,0.0,0.0,0.0,0.0,0.0,0.0,0.0,0.0,0.0,40.7244,-74.004625,478.3333333333333,483.0
02M615,0.0,0.0,0.0,0.0,0.0,0.0,0.0,0.0,0.0,0.0,40.7244,-74.004625,402.3333333333333,418.0
02M500,0.0,0.0,0.0,0.0,0.0,0.0,0.0,0.0,0.0,0.0,40.746176,-73.981241,356.6666666666667,349.0
02M620,0.0,0.0,0.0,0.0,0.0,0.0,0.0,0.0,0.0,0.0,40.746176,-73.981241,369.3333333333333,379.0
06M346,0.0,1.0,0.0,1.0,0.0,0.33,1.32,1.76,0.83,0.59,40.833687,-73.942072,368.3333333333333,376.0
06M346,0.0,3.0,4.0,2.0,0.0,0.31,1.12,1.82,0.79,0.51,40.833687,-73.942072,368.3333333333333,376.0
06M346,0.0,1.0,1.0,0.0,1.0,0.28,1.11,1.74,0.75,0.53,40.833687,-73.942072,368.3333333333333,376.0
02M625,0.0,0.0,0.0,0.0,0.0,0.0,0.0,0.0,0.0,0.0,40.76337,-73.990593,384.3333333333333,382.0
02M560,0.0,0.0,0.0,0.0,0.0,0.0,0.0,0.0,0.0,0.0,40.729411999999996,-74.006148,471.6666666666667,440.0
02M586,0.0,1.0,2.0,1.0,0.0,0.43,1.03,1.23,0.99,0.41,40.730038,-73.992632,434.3333333333333,416.0
02M586,0.0,0.0,2.0,0.0,0.0,0.36,0.76,1.17,0.64,0.37,40.730038,-73.992632,434.3333333333333,416.0
02M586,0.0,0.0,8.0,0.0,0.0,0.24,0.71,1.71,0.51,0.32,40.730038,-73.992632,434.3333333333333,416.0
02M489,1.0,5.0,3.0,4.0,1.0,0.52,1.71,2.49,1.16,0.75,40.709196,-74.012022,458.0,489.0
02M489,0.0,3.0,8.0,1.0,2.0,0.46,1.65,2.77,1.17,0.75,40.709196,-74.012022,458.0,489.0
02M489,1.0,5.0,1.0,4.0,1.0,0.38,1.71,2.38,0.98,0.82,40.709196,-74.012022,458.0,489.0
02M544,0.0,0.0,0.0,0.0,0.0,0.0,0.0,0.0,0.0,0.0,40.768343,-73.989108,365.0,371.0
02M400,0.0,0.0,0.0,0.0,0.0,0.0,0.0,0.0,0.0,0.0,40.767790999999995,-73.987531,473.0,493.0
03M479,0.0,0.0,0.0,0.0,0.0,0.86,3.26,5.55,2.17,1.29,40.772007,-73.98747900000001,581.3333333333334,575.0
03M479,0.0,0.0,0.0,0.0,0.0,0.89,3.22,5.07,2.18,1.64,40.772007,-73.98747900000001,581.3333333333334,575.0
03M479,0.0,0.0,0.0,0.0,0.0,0.64,3.02,5.77,1.72,1.54,40.772007,-73.98747900000001,581.3333333333334,575.0
02M416,0.0,0.0,1.0,0.0,0.0,0.33,1.32,1.76,0.83,0.59,40.770187,-73.953608,586.0,594.0
02M416,0.0,0.0,0.0,0.0,0.0,0.31,1.12,1.82,0.79,0.51,40.770187,-73.953608,586.0,594.0
02M416,0.0,1.0,2.0,0.0,1.0,0.28,1.11,1.74,0.75,0.53,40.770187,-73.953608,586.0,594.0
02M439,1.0,2.0,1.0,2.0,1.0,0.35,1.06,1.09,0.73,0.5,40.741496999999995,-73.991512,457.3333333333333,473.0
02M439,0.0,0.0,0.0,0.0,0.0,0.27,1.11,1.38,0.8,0.48,40.741496999999995,-73.991512,457.3333333333333,473.0
02M439,0.0,0.0,0.0,0.0,0.0,0.27,0.9,1.67,0.63,0.44,40.741496999999995,-73.991512,457.3333333333333,473.0
02M411,1.0,1.0,0.0,2.0,0.0,0.35,1.06,1.09,0.73,0.5,40.741929999999996,-73.986521,525.6666666666666,563.0
02M411,0.0,0.0,0.0,0.0,0.0,0.27,1.11,1.38,0.8,0.48,40.741929999999996,-73.986521,525.6666666666666,563.0
02M411,0.0,0.0,1.0,0.0,0.0,0.27,0.9,1.67,0.63,0.44,40.741929999999996,-73.986521,525.6666666666666,563.0
02M551,2.0,0.0,1.0,1.0,1.0,0.35,1.06,1.09,0.73,0.5,40.701695,-74.01163100000001,404.0,423.0
02M551,0.0,7.0,7.0,2.0,3.0,0.27,1.11,1.38,0.8,0.48,40.701695,-74.01163100000001,404.0,423.0
02M551,0.0,0.0,3.0,0.0,0.0,0.27,0.9,1.67,0.63,0.44,40.701695,-74.01163100000001,404.0,423.0
02M429,0.0,0.0,0.0,0.0,0.0,0.0,0.0,0.0,0.0,0.0,40.736518,-73.994858,354.0,357.0
02M425,1.0,2.0,12.0,2.0,1.0,0.33,1.32,1.76,0.83,0.59,40.708729999999996,-74.012332,411.0,426.0
02M425,3.0,8.0,12.0,6.0,4.0,0.31,1.12,1.82,0.79,0.51,40.708729999999996,-74.012332,411.0,426.0
02M425,0.0,4.0,9.0,1.0,2.0,0.28,1.11,1.74,0.75,0.53,40.708729999999996,-74.012332,411.0,426.0
04M610,1.0,1.0,0.0,2.0,0.0,0.35,1.06,1.09,0.73,0.5,40.792741,-73.947428,442.0,446.0
04M610,0.0,0.0,0.0,0.0,0.0,0.27,1.11,1.38,0.8,0.48,40.792741,-73.947428,442.0,446.0
04M610,0.0,1.0,0.0,1.0,0.0,0.27,0.9,1.67,0.63,0.44,40.792741,-73.947428,442.0,446.0
02M531,0.0,2.0,1.0,2.0,0.0,0.43,1.03,1.23,0.99,0.41,40.755843,-73.984382,417.6666666666667,404.0
02M531,0.0,3.0,0.0,2.0,0.0,0.36,0.76,1.17,0.64,0.37,40.755843,-73.984382,417.6666666666667,404.0
02M531,0.0,0.0,0.0,0.0,0.0,0.24,0.71,1.71,0.51,0.32,40.755843,-73.984382,417.6666666666667,404.0
05M285,1.0,4.0,1.0,1.0,1.0,0.43,1.03,1.23,0.99,0.41,40.807987,-73.940061,336.0,318.0
05M285,0.0,1.0,0.0,1.0,0.0,0.36,0.76,1.17,0.64,0.37,40.807987,-73.940061,336.0,318.0
05M285,0.0,1.0,2.0,1.0,0.0,0.27,0.9,1.67,0.63,0.44,40.807987,-73.940061,336.0,318.0
02M570,0.0,2.0,1.0,2.0,0.0,0.35,1.06,1.09,0.73,0.5,40.747621,-73.990454,344.0,337.0
02M570,0.0,2.0,1.0,2.0,0.0,0.27,1.11,1.38,0.8,0.48,40.747621,-73.990454,344.0,337.0
02M570,0.0,0.0,1.0,0.0,0.0,0.27,0.9,1.67,0.63,0.44,40.747621,-73.990454,344.0,337.0
05M670,1.0,7.0,3.0,5.0,3.0,0.33,1.32,1.76,0.83,0.59,40.815509000000006,-73.944202,400.6666666666667,402.0
05M670,1.0,2.0,4.0,3.0,0.0,0.31,1.12,1.82,0.79,0.51,40.815509000000006,-73.944202,400.6666666666667,402.0
05M670,1.0,2.0,4.0,3.0,0.0,0.28,1.11,1.74,0.75,0.53,40.815509000000006,-73.944202,400.6666666666667,402.0
25Q540,0.0,2.0,0.0,1.0,0.0,0.35,1.06,1.09,0.73,0.5,40.765162,-73.8288,389.3333333333333,382.0
25Q540,1.0,1.0,0.0,1.0,0.0,0.27,1.11,1.38,0.8,0.48,40.765162,-73.8288,389.3333333333333,382.0
25Q540,0.0,0.0,1.0,0.0,0.0,0.27,0.9,1.67,0.63,0.44,40.765162,-73.8288,389.3333333333333,382.0
25Q285,0.0,0.0,0.0,0.0,0.0,0.0,0.0,0.0,0.0,0.0,40.765133,-73.790083,480.3333333333333,489.0
25Q252,0.0,0.0,0.0,0.0,0.0,0.0,0.0,0.0,0.0,0.0,40.724458,-73.810216,465.3333333333333,498.0
27Q323,1.0,1.0,0.0,2.0,0.0,0.86,3.26,5.55,2.17,1.29,40.584109000000005,-73.825711,510.6666666666667,537.0
27Q323,0.0,0.0,2.0,0.0,0.0,0.89,3.22,5.07,2.18,1.64,40.584109000000005,-73.825711,510.6666666666667,537.0
27Q323,0.0,0.0,0.0,0.0,0.0,0.64,3.02,5.77,1.72,1.54,40.584109000000005,-73.825711,510.6666666666667,537.0
25Q263,0.0,0.0,0.0,0.0,0.0,0.0,0.0,0.0,0.0,0.0,40.759844,-73.820548,349.6666666666667,417.0
29Q259,0.0,0.0,0.0,0.0,0.0,0.0,0.0,0.0,0.0,0.0,40.70646,-73.753579,391.0,397.0
27Q308,0.0,0.0,0.0,0.0,0.0,0.0,0.0,0.0,0.0,0.0,40.671240000000004,-73.845141,421.6666666666667,426.0
25Q281,0.0,0.0,0.0,0.0,0.0,0.0,0.0,0.0,0.0,0.0,40.749545,-73.822073,423.6666666666667,463.0
27Q400,0.0,0.0,0.0,0.0,0.0,0.0,0.0,0.0,0.0,0.0,40.675633000000005,-73.783342,369.3333333333333,371.0
30Q301,0.0,0.0,0.0,0.0,0.0,0.0,0.0,0.0,0.0,0.0,40.742956,-73.95919599999999,418.3333333333333,440.0
26Q495,3.0,11.0,11.0,9.0,4.0,2.13,9.06,14.5,6.06,3.56,40.771755,-73.78029599999999,483.0,523.0
26Q495,1.0,7.0,4.0,3.0,3.0,1.57,7.21,14.07,5.14,2.57,40.771755,-73.78029599999999,483.0,523.0
26Q495,2.0,4.0,7.0,2.0,1.0,1.13,8.47,15.33,3.8,3.07,40.771755,-73.78029599999999,483.0,523.0
27Q262,0.0,0.0,0.0,0.0,0.0,0.0,0.0,0.0,0.0,0.0,40.586065999999995,-73.822624,417.3333333333333,419.0
30Q575,0.0,0.0,2.0,0.0,0.0,0.52,1.71,2.49,1.16,0.75,40.751331,-73.937434,490.0,492.0
30Q575,1.0,3.0,0.0,3.0,0.0,0.46,1.65,2.77,1.17,0.75,40.751331,-73.937434,490.0,492.0
30Q575,0.0,1.0,0.0,0.0,1.0,0.38,1.71,2.38,0.98,0.82,40.751331,-73.937434,490.0,492.0
27Q410,0.0,0.0,0.0,0.0,0.0,0.0,0.0,0.0,0.0,0.0,40.586065999999995,-73.822624,378.0,396.0
26Q415,8.0,16.0,12.0,16.0,5.0,2.13,9.06,14.5,6.06,3.56,40.752333,-73.75599,504.6666666666667,545.0
26Q415,1.0,9.0,11.0,7.0,1.0,1.57,7.21,14.07,5.14,2.57,40.752333,-73.75599,504.6666666666667,545.0
26Q415,2.0,18.0,11.0,8.0,4.0,1.13,8.47,15.33,3.8,3.07,40.752333,-73.75599,504.6666666666667,545.0
29Q248,0.0,0.0,0.0,0.0,0.0,0.0,0.0,0.0,0.0,0.0,40.668234999999996,-73.756839,366.3333333333333,380.0
29Q283,0.0,0.0,0.0,0.0,0.0,0.0,0.0,0.0,0.0,0.0,40.668234999999996,-73.756839,366.6666666666667,367.0
29Q272,0.0,0.0,0.0,0.0,0.0,0.0,0.0,0.0,0.0,0.0,40.668234999999996,-73.756839,429.0,427.0
29Q265,0.0,0.0,0.0,0.0,0.0,0.0,0.0,0.0,0.0,0.0,40.668234999999996,-73.756839,400.6666666666667,398.0
25Q425,2.0,9.0,32.0,6.0,3.0,2.13,9.06,14.5,6.06,3.56,40.738139000000004,-73.82494399999999,414.3333333333333,451.0
25Q425,3.0,14.0,33.0,9.0,6.0,1.57,7.21,14.07,5.14,2.57,40.738139000000004,-73.82494399999999,414.3333333333333,451.0
25Q425,4.0,16.0,51.0,7.0,7.0,1.13,8.47,15.33,3.8,3.07,40.738139000000004,-73.82494399999999,414.3333333333333,451.0
26Q430,3.0,3.0,4.0,4.0,2.0,1.8,7.8,7.6,6.2,2.2,40.740724,-73.79283000000001,491.3333333333333,539.0
26Q430,3.0,13.0,4.0,11.0,3.0,2.6,10.4,14.8,9.2,2.4,40.740724,-73.79283000000001,491.3333333333333,539.0
26Q430,0.0,7.0,5.0,4.0,1.0,0.33,6.67,7.0,3.33,2.0,40.740724,-73.79283000000001,491.3333333333333,539.0
26Q435,2.0,11.0,26.0,7.0,5.0,2.39,7.89,13.67,5.22,3.94,40.733066,-73.73875600000001,390.6666666666667,397.0
26Q435,0.0,0.0,0.0,0.0,0.0,0.0,0.0,0.0,0.0,0.0,40.733066,-73.73875600000001,390.6666666666667,397.0
28Q440,0.0,9.0,10.0,6.0,0.0,2.13,9.06,14.5,6.06,3.56,40.729402,-73.845637,469.0,497.0
28Q440,2.0,2.0,5.0,4.0,0.0,1.57,7.21,14.07,5.14,2.57,40.729402,-73.845637,469.0,497.0
28Q440,1.0,9.0,5.0,6.0,4.0,1.13,8.47,15.33,3.8,3.07,40.729402,-73.845637,469.0,497.0
30Q445,1.0,12.0,9.0,7.0,4.0,2.93,12.33,31.53,6.47,5.13,40.75823,-73.910514,425.0,449.0
30Q445,1.0,16.0,13.0,10.0,5.0,1.96,7.74,16.07,5.48,3.44,40.75823,-73.910514,425.0,449.0
30Q445,0.0,11.0,7.0,5.0,3.0,1.69,7.16,17.44,3.63,3.94,40.75823,-73.910514,425.0,449.0
30Q555,0.0,2.0,3.0,2.0,0.0,0.52,1.71,2.49,1.16,0.75,40.751356,-73.937445,375.6666666666667,475.0
30Q555,0.0,1.0,1.0,0.0,1.0,0.46,1.65,2.77,1.17,0.75,40.751356,-73.937445,375.6666666666667,475.0
30Q555,0.0,1.0,0.0,0.0,0.0,0.38,1.71,2.38,0.98,0.82,40.751356,-73.937445,375.6666666666667,475.0
30Q450,0.0,5.0,14.0,2.0,1.0,2.93,12.33,31.53,6.47,5.13,40.765826000000004,-73.9328,406.0,420.0
30Q450,2.0,4.0,12.0,3.0,1.0,1.96,7.74,16.07,5.48,3.44,40.765826000000004,-73.9328,406.0,420.0
30Q450,0.0,9.0,20.0,2.0,5.0,1.69,7.16,17.44,3.63,3.94,40.765826000000004,-73.9328,406.0,420.0
24Q455,0.0,0.0,0.0,0.0,0.0,0.0,0.0,0.0,0.0,0.0,40.741122,-73.874721,401.0,440.0
24Q550,0.0,0.0,0.0,0.0,0.0,0.0,0.0,0.0,0.0,0.0,40.737427000000004,-73.853178,391.3333333333333,403.0
25Q467,0.0,0.0,0.0,0.0,0.0,0.0,0.0,0.0,0.0,0.0,40.765166,-73.82789,365.0,373.0
25Q460,0.0,0.0,0.0,0.0,0.0,0.0,0.0,0.0,0.0,0.0,40.765166,-73.82789,405.3333333333333,441.0
27Q302,0.0,0.0,0.0,0.0,0.0,0.0,0.0,0.0,0.0,0.0,40.60201,-73.762795,385.3333333333333,401.0
27Q260,0.0,0.0,0.0,0.0,0.0,0.0,0.0,0.0,0.0,0.0,40.60201,-73.762795,381.6666666666667,385.0
27Q309,0.0,0.0,0.0,0.0,0.0,0.0,0.0,0.0,0.0,0.0,40.60201,-73.762795,364.6666666666667,379.0
28Q310,0.0,0.0,0.0,0.0,0.0,0.0,0.0,0.0,0.0,0.0,40.713218,-73.797237,421.6666666666667,445.0
28Q470,0.0,0.0,0.0,0.0,0.0,0.0,0.0,0.0,0.0,0.0,40.713218,-73.797237,354.3333333333333,368.0
28Q350,0.0,0.0,0.0,0.0,0.0,0.0,0.0,0.0,0.0,0.0,40.713218,-73.797237,435.6666666666667,452.0
27Q475,0.0,0.0,0.0,0.0,0.0,0.0,0.0,0.0,0.0,0.0,40.693006,-73.82940699999999,384.6666666666667,404.0
27Q475,0.0,0.0,0.0,0.0,0.0,0.0,0.0,0.0,0.0,0.0,40.695888000000004,-73.833681,384.6666666666667,404.0
27Q480,0.0,0.0,0.0,0.0,0.0,0.0,0.0,0.0,0.0,0.0,40.679639,-73.837298,397.3333333333333,409.0
24Q600,0.0,6.0,6.0,4.0,1.0,0.81,3.95,6.51,2.3,1.78,40.742205,-73.928219,423.3333333333333,447.0
24Q600,0.0,3.0,7.0,1.0,1.0,0.82,2.97,5.58,1.79,1.67,40.742205,-73.928219,423.3333333333333,447.0
24Q600,0.0,1.0,5.0,1.0,0.0,0.59,2.3,4.8,1.36,1.17,40.742205,-73.928219,423.3333333333333,447.0
24Q485,2.0,3.0,22.0,0.0,5.0,0.81,5.43,8.48,3.24,2.33,40.711033,-73.908814,403.6666666666667,420.0
24Q485,0.0,5.0,6.0,3.0,2.0,0.95,3.35,6.9,2.5,1.45,40.711033,-73.908814,403.6666666666667,420.0
24Q485,0.0,3.0,12.0,0.0,3.0,0.59,2.3,4.8,1.36,1.17,40.711033,-73.908814,403.6666666666667,420.0
29Q492,0.0,0.0,0.0,0.0,0.0,0.0,0.0,0.0,0.0,0.0,40.697819,-73.745728,406.6666666666667,426.0
29Q494,0.0,0.0,0.0,0.0,0.0,0.0,0.0,0.0,0.0,0.0,40.697819,-73.745728,379.6666666666667,377.0
29Q498,0.0,0.0,0.0,0.0,0.0,0.0,0.0,0.0,0.0,0.0,40.697819,-73.745728,383.6666666666667,381.0
29Q496,0.0,0.0,0.0,0.0,0.0,0.0,0.0,0.0,0.0,0.0,40.697819,-73.745728,384.0,414.0
28Q505,2.0,6.0,12.0,3.0,5.0,2.13,9.06,14.5,6.06,3.56,40.709446,-73.80166,398.0,413.0
28Q505,4.0,6.0,11.0,7.0,3.0,1.57,7.21,14.07,5.14,2.57,40.709446,-73.80166,398.0,413.0
28Q505,2.0,9.0,12.0,7.0,4.0,1.13,8.47,15.33,3.8,3.07,40.709446,-73.80166,398.0,413.0
25Q525,0.0,1.0,0.0,1.0,0.0,0.56,2.4,3.56,1.36,1.05,40.734390000000005,-73.821392,636.6666666666666,651.0
25Q525,0.0,3.0,0.0,3.0,0.0,0.48,2.19,3.69,1.29,1.0,40.734390000000005,-73.821392,636.6666666666666,651.0
25Q525,0.0,1.0,2.0,1.0,0.0,0.57,2.12,3.64,1.39,1.05,40.734390000000005,-73.821392,636.6666666666666,651.0
24Q520,0.0,0.0,0.0,0.0,0.0,0.0,0.0,0.0,0.0,0.0,40.744412,-73.93364,392.3333333333333,393.0
24Q530,0.0,0.0,0.0,0.0,0.0,0.0,0.0,0.0,0.0,0.0,40.744412,-73.93364,354.6666666666667,409.0
26Q566,3.0,1.0,3.0,0.0,4.0,0.56,2.4,3.56,1.36,1.05,40.746088,-73.727535,426.3333333333333,434.0
26Q566,3.0,2.0,6.0,4.0,1.0,0.48,2.19,3.69,1.29,1.0,40.746088,-73.727535,426.3333333333333,434.0
26Q566,1.0,1.0,2.0,0.0,1.0,0.57,2.12,3.64,1.39,1.05,40.746088,-73.727535,426.3333333333333,434.0
30Q501,0.0,0.0,0.0,0.0,0.0,0.52,1.71,2.49,1.16,0.75,40.756534,-73.92512099999999,498.0,496.0
30Q501,0.0,2.0,0.0,1.0,0.0,0.46,1.65,2.77,1.17,0.75,40.756534,-73.92512099999999,498.0,496.0
30Q501,0.0,0.0,0.0,0.0,0.0,0.38,1.71,2.38,0.98,0.82,40.756534,-73.92512099999999,498.0,496.0
28Q338,1.0,0.0,1.0,0.0,1.0,0.35,1.06,1.09,0.73,0.5,40.70848,-73.800065,392.6666666666667,408.0
28Q338,0.0,0.0,0.0,0.0,0.0,0.36,0.76,1.17,0.64,0.37,40.70848,-73.800065,392.6666666666667,408.0
28Q338,0.0,0.0,0.0,0.0,0.0,0.24,0.71,1.71,0.51,0.32,40.70848,-73.800065,392.6666666666667,408.0
24Q610,0.0,4.0,6.0,3.0,0.0,2.39,7.89,13.67,5.22,3.94,40.743509,-73.929076,454.6666666666667,496.0
24Q610,0.0,1.0,5.0,0.0,1.0,1.96,7.74,16.07,5.48,3.44,40.743509,-73.929076,454.6666666666667,496.0
24Q610,2.0,0.0,1.0,2.0,0.0,1.69,7.16,17.44,3.63,3.94,40.743509,-73.929076,454.6666666666667,496.0
28Q620,5.0,5.0,7.0,3.0,6.0,2.39,7.89,13.67,5.22,3.94,40.715389,-73.80036899999999,457.3333333333333,478.0
28Q620,3.0,6.0,8.0,7.0,2.0,1.96,7.74,16.07,5.48,3.44,40.715389,-73.80036899999999,457.3333333333333,478.0
28Q620,2.0,8.0,7.0,5.0,3.0,1.69,7.16,17.44,3.63,3.94,40.715389,-73.80036899999999,457.3333333333333,478.0
27Q650,1.0,3.0,2.0,4.0,0.0,0.52,1.71,2.49,1.16,0.75,40.689591,-73.840717,448.3333333333333,491.0
27Q650,0.0,0.0,2.0,0.0,0.0,0.46,1.65,2.77,1.17,0.75,40.689591,-73.840717,448.3333333333333,491.0
27Q650,1.0,7.0,4.0,4.0,2.0,0.38,1.71,2.38,0.98,0.82,40.689591,-73.840717,448.3333333333333,491.0
28Q896,0.0,0.0,1.0,0.0,0.0,0.33,1.32,1.76,0.83,0.59,40.707527,-73.806412,438.6666666666667,445.0
28Q896,1.0,0.0,2.0,1.0,0.0,0.31,1.12,1.82,0.79,0.51,40.707527,-73.806412,438.6666666666667,445.0
28Q896,1.0,1.0,3.0,2.0,0.0,0.28,1.11,1.74,0.75,0.53,40.707527,-73.806412,438.6666666666667,445.0
28Q690,3.0,7.0,8.0,5.0,4.0,0.33,1.32,1.76,0.83,0.59,40.686208,-73.784144,398.6666666666667,406.0
28Q690,0.0,5.0,12.0,0.0,3.0,0.31,1.12,1.82,0.79,0.51,40.686208,-73.784144,398.6666666666667,406.0
28Q690,1.0,6.0,6.0,1.0,6.0,0.28,1.11,1.74,0.75,0.53,40.686208,-73.784144,398.6666666666667,406.0
28Q680,0.0,0.0,0.0,0.0,0.0,0.52,1.71,2.49,1.16,0.75,40.718831,-73.806499,512.6666666666666,523.0
28Q680,0.0,1.0,1.0,1.0,0.0,0.46,1.65,2.77,1.17,0.75,40.718831,-73.806499,512.6666666666666,523.0
28Q680,0.0,2.0,1.0,1.0,1.0,0.28,1.11,1.74,0.75,0.53,40.718831,-73.806499,512.6666666666666,523.0
25Q670,0.0,4.0,2.0,2.0,1.0,0.33,1.32,1.76,0.83,0.59,40.725603,-73.81069699999999,443.3333333333333,458.0
25Q670,0.0,3.0,3.0,3.0,0.0,0.31,1.12,1.82,0.79,0.51,40.725603,-73.81069699999999,443.3333333333333,458.0
25Q670,0.0,4.0,6.0,3.0,0.0,0.28,1.11,1.74,0.75,0.53,40.725603,-73.81069699999999,443.3333333333333,458.0
30Q502,0.0,7.0,5.0,5.0,2.0,0.52,1.71,2.49,1.16,0.75,40.748701000000004,-73.94638,413.0,434.0
30Q502,0.0,2.0,8.0,0.0,2.0,0.46,1.65,2.77,1.17,0.75,40.748701000000004,-73.94638,413.0,434.0
30Q502,0.0,2.0,2.0,1.0,0.0,0.38,1.71,2.38,0.98,0.82,40.748701000000004,-73.94638,413.0,434.0
79Q950,0.0,0.0,0.0,0.0,0.0,0.0,0.0,0.0,0.0,0.0,40.70284,-73.808352,440.6666666666667,400.0
79Q950,0.0,0.0,0.0,0.0,0.0,1.57,7.21,14.07,5.14,2.57,40.70284,-73.808352,440.6666666666667,400.0
79Q950,0.0,0.0,0.0,0.0,0.0,1.13,8.47,15.33,3.8,3.07,40.70284,-73.808352,440.6666666666667,400.0
24Q267,0.0,0.0,0.0,0.0,0.0,0.0,0.0,0.0,0.0,0.0,40.745095,-73.936635,406.3333333333333,413.0
24Q299,0.0,0.0,0.0,0.0,0.0,0.0,0.0,0.0,0.0,0.0,40.745095,-73.936635,554.3333333333334,568.0
24Q264,0.0,0.0,0.0,0.0,0.0,0.0,0.0,0.0,0.0,0.0,40.745095,-73.936635,426.6666666666667,454.0
24Q296,0.0,0.0,0.0,0.0,0.0,0.0,0.0,0.0,0.0,0.0,40.74373,-73.870642,317.0,323.0
24Q293,0.0,0.0,0.0,0.0,0.0,0.0,0.0,0.0,0.0,0.0,40.74373,-73.870642,413.3333333333333,429.0
28Q687,0.0,1.0,1.0,0.0,0.0,0.35,1.06,1.09,0.73,0.5,40.701049,-73.798151,622.6666666666666,660.0
28Q687,0.0,0.0,0.0,0.0,0.0,0.27,1.11,1.38,0.8,0.48,40.701049,-73.798151,622.6666666666666,660.0
28Q687,0.0,0.0,0.0,0.0,0.0,0.27,0.9,1.67,0.63,0.44,40.701049,-73.798151,622.6666666666666,660.0
25Q792,0.0,3.0,2.0,2.0,1.0,0.43,1.03,1.23,0.99,0.41,40.720359,-73.819792,392.3333333333333,421.0
25Q792,0.0,0.0,2.0,0.0,0.0,0.36,0.76,1.17,0.64,0.37,40.720359,-73.819792,392.3333333333333,421.0
25Q792,0.0,2.0,1.0,2.0,0.0,0.24,0.71,1.71,0.51,0.32,40.720359,-73.819792,392.3333333333333,421.0
30Q580,0.0,0.0,0.0,0.0,0.0,0.35,1.06,1.09,0.73,0.5,40.755365999999995,-73.92716899999999,545.3333333333334,568.0
30Q580,0.0,0.0,0.0,0.0,0.0,0.27,1.11,1.38,0.8,0.48,40.755365999999995,-73.92716899999999,545.3333333333334,568.0
30Q580,0.0,0.0,0.0,0.0,0.0,0.27,0.9,1.67,0.63,0.44,40.755365999999995,-73.92716899999999,545.3333333333334,568.0
75Q811,0.0,1.0,1.0,1.0,0.0,0.35,1.06,1.09,0.73,0.5,40.756778000000004,-73.729487,435.3333333333333,444.0
75Q811,0.0,0.0,0.0,0.0,0.0,0.27,1.11,1.38,0.8,0.48,40.756778000000004,-73.729487,435.3333333333333,444.0
75Q811,0.0,0.0,1.0,0.0,0.0,0.27,0.9,1.67,0.63,0.44,40.756778000000004,-73.729487,435.3333333333333,444.0
31R064,0.0,0.0,0.0,0.0,0.0,0.0,0.0,0.0,0.0,0.0,40.581315000000004,-74.158589,398.3333333333333,412.0
31R047,0.0,0.0,0.0,0.0,0.0,0.0,0.0,0.0,0.0,0.0,40.581315000000004,-74.158589,451.0,451.0
31R440,0.0,0.0,0.0,0.0,0.0,0.0,0.0,0.0,0.0,0.0,40.569393,-74.107737,425.6666666666667,437.0
31R605,0.0,0.0,0.0,0.0,0.0,0.56,2.4,3.56,1.36,1.05,40.567873,-74.11537299999999,651.0,682.0
31R605,0.0,0.0,2.0,0.0,0.0,0.48,2.19,3.69,1.29,1.0,40.567873,-74.11537299999999,651.0,682.0
31R605,0.0,0.0,1.0,0.0,0.0,0.64,3.02,5.77,1.72,1.54,40.567873,-74.11537299999999,651.0,682.0
31R445,0.0,19.0,34.0,9.0,8.0,0.81,5.43,8.48,3.24,2.33,40.634572999999996,-74.141818,426.3333333333333,438.0
31R445,2.0,14.0,20.0,4.0,9.0,0.82,2.97,5.58,1.79,1.67,40.634572999999996,-74.141818,426.3333333333333,438.0
31R445,2.0,10.0,25.0,8.0,2.0,0.64,3.02,5.77,1.72,1.54,40.634572999999996,-74.141818,426.3333333333333,438.0
31R450,5.0,26.0,37.0,15.0,12.0,2.39,7.89,13.67,5.22,3.94,40.644735,-74.081222,433.6666666666667,435.0
31R450,5.0,24.0,29.0,21.0,8.0,1.96,7.74,16.07,5.48,3.44,40.644735,-74.081222,433.6666666666667,435.0
31R450,3.0,9.0,23.0,7.0,2.0,1.69,7.16,17.44,3.63,3.94,40.644735,-74.081222,433.6666666666667,435.0
31R455,0.0,0.0,0.0,0.0,0.0,0.0,0.0,0.0,0.0,0.0,40.528092,-74.192032,472.6666666666667,486.0
31R607,0.0,0.0,0.0,0.0,0.0,0.0,0.0,0.0,0.0,0.0,40.528092,-74.192032,383.3333333333333,375.0
31R460,3.0,12.0,36.0,9.0,2.0,2.13,9.06,14.5,6.06,3.56,40.596803,-74.124227,462.6666666666667,474.0
31R460,2.0,19.0,25.0,9.0,6.0,1.57,7.21,14.07,5.14,2.57,40.596803,-74.124227,462.6666666666667,474.0
31R460,1.0,12.0,25.0,6.0,2.0,1.13,8.47,15.33,3.8,3.07,40.596803,-74.124227,462.6666666666667,474.0
31R470,0.0,1.0,0.0,1.0,0.0,0.43,1.03,1.23,0.99,0.41,40.610867999999996,-74.087379,445.0,455.0
31R470,1.0,1.0,6.0,1.0,1.0,0.36,0.76,1.17,0.64,0.37,40.610867999999996,-74.087379,445.0,455.0
31R470,0.0,2.0,3.0,1.0,0.0,0.24,0.71,1.71,0.51,0.32,40.610867999999996,-74.087379,445.0,455.0
31R600,0.0,8.0,15.0,1.0,3.0,0.33,1.32,1.76,0.83,0.59,40.642793,-74.07873000000001,411.6666666666667,422.0
31R600,0.0,2.0,5.0,2.0,0.0,0.31,1.12,1.82,0.79,0.51,40.642793,-74.07873000000001,411.6666666666667,422.0
31R600,0.0,3.0,9.0,2.0,1.0,0.28,1.11,1.74,0.75,0.53,40.642793,-74.07873000000001,411.6666666666667,422.0
31R080,0.0,3.0,7.0,1.0,1.0,0.86,3.26,5.55,2.17,1.29,40.608517,-74.102078,475.3333333333333,488.0
31R080,1.0,3.0,1.0,4.0,0.0,0.89,3.22,5.07,2.18,1.64,40.608517,-74.102078,475.3333333333333,488.0
31R080,1.0,4.0,2.0,3.0,1.0,0.64,3.02,5.77,1.72,1.54,40.608517,-74.102078,475.3333333333333,488.0
09X250,0.0,0.0,0.0,0.0,0.0,0.0,0.0,0.0,0.0,0.0,40.833665,-73.902499,389.6666666666667,394.0
09X260,0.0,0.0,0.0,0.0,0.0,0.0,0.0,0.0,0.0,0.0,40.833665,-73.902499,465.3333333333333,480.0
09X276,0.0,0.0,0.0,0.0,0.0,0.0,0.0,0.0,0.0,0.0,40.840891,-73.898166,360.3333333333333,353.0
08X332,0.0,0.0,0.0,0.0,0.0,0.0,0.0,0.0,0.0,0.0,40.817512,-73.898212,361.3333333333333,371.0
08X530,0.0,0.0,0.0,0.0,0.0,0.0,0.0,0.0,0.0,0.0,40.817512,-73.898212,377.0,381.0
09X365,0.0,0.0,0.0,0.0,0.0,0.0,0.0,0.0,0.0,0.0,40.849623,-73.91606999999999,317.0,339.0
12X262,0.0,0.0,0.0,0.0,0.0,0.0,0.0,0.0,0.0,0.0,40.8359,-73.890458,358.0,353.0
12X251,0.0,0.0,0.0,0.0,0.0,0.0,0.0,0.0,0.0,0.0,40.8359,-73.890458,374.0,381.0
12X278,0.0,0.0,0.0,0.0,0.0,0.0,0.0,0.0,0.0,0.0,40.827315000000006,-73.897612,385.0,401.0
12X248,0.0,0.0,0.0,0.0,0.0,0.0,0.0,0.0,0.0,0.0,40.827315000000006,-73.897612,351.6666666666667,367.0
10X225,0.0,0.0,0.0,0.0,0.0,0.0,0.0,0.0,0.0,0.0,40.854493,-73.89671700000001,396.6666666666667,391.0
07X334,0.0,0.0,0.0,0.0,0.0,0.0,0.0,0.0,0.0,0.0,40.81004,-73.917792,315.0,324.0
10X141,0.0,2.0,9.0,1.0,1.0,0.86,3.26,5.55,2.17,1.29,40.888338,-73.91348599999999,444.3333333333333,455.0
10X141,0.0,4.0,7.0,0.0,2.0,0.89,3.22,5.07,2.18,1.64,40.888338,-73.91348599999999,444.3333333333333,455.0
10X141,0.0,4.0,6.0,4.0,0.0,0.64,3.02,5.77,1.72,1.54,40.888338,-73.91348599999999,444.3333333333333,455.0
10X237,0.0,0.0,0.0,0.0,0.0,0.0,0.0,0.0,0.0,0.0,40.875911,-73.901099,385.6666666666667,393.0
09X517,0.0,0.0,0.0,0.0,0.0,0.0,0.0,0.0,0.0,0.0,40.833511,-73.90449,373.6666666666667,384.0
07X221,0.0,0.0,0.0,0.0,0.0,0.0,0.0,0.0,0.0,0.0,40.813983,-73.92078199999999,363.3333333333333,378.0
07X520,0.0,0.0,0.0,0.0,0.0,0.0,0.0,0.0,0.0,0.0,40.811162,-73.90980400000001,395.3333333333333,396.0
12X267,0.0,0.0,0.0,0.0,0.0,0.0,0.0,0.0,0.0,0.0,40.827743,-73.90010500000001,417.0,432.0
07X500,0.0,0.0,0.0,0.0,0.0,0.0,0.0,0.0,0.0,0.0,40.815498,-73.91224,419.0,426.0
08X282,0.0,0.0,0.0,0.0,0.0,0.0,0.0,0.0,0.0,0.0,40.814833,-73.85658000000001,390.3333333333333,386.0
07X551,0.0,0.0,0.0,0.0,0.0,0.0,0.0,0.0,0.0,0.0,40.813641,-73.925313,400.3333333333333,381.0
11X514,0.0,0.0,0.0,0.0,0.0,0.0,0.0,0.0,0.0,0.0,40.887831,-73.852694,370.6666666666667,372.0
11X513,0.0,0.0,0.0,0.0,0.0,0.0,0.0,0.0,0.0,0.0,40.887831,-73.852694,349.3333333333333,381.0
11X270,0.0,0.0,0.0,0.0,0.0,0.0,0.0,0.0,0.0,0.0,40.887831,-73.852694,380.3333333333333,394.0
10X368,1.0,1.0,1.0,1.0,1.0,0.56,2.4,3.56,1.36,1.05,40.879368,-73.909896,393.6666666666667,408.0
10X368,0.0,6.0,7.0,4.0,0.0,0.48,2.19,3.69,1.29,1.0,40.879368,-73.909896,393.6666666666667,408.0
10X368,0.0,3.0,3.0,1.0,1.0,0.38,1.71,2.38,0.98,0.82,40.879368,-73.909896,393.6666666666667,408.0
09X404,0.0,0.0,0.0,0.0,0.0,0.0,0.0,0.0,0.0,0.0,40.827642,-73.904473,358.0,360.0
09X297,0.0,0.0,0.0,0.0,0.0,0.0,0.0,0.0,0.0,0.0,40.827642,-73.904473,382.6666666666667,386.0
09X543,0.0,0.0,0.0,0.0,0.0,0.0,0.0,0.0,0.0,0.0,40.827642,-73.904473,346.3333333333333,315.0
09X403,0.0,0.0,0.0,0.0,0.0,0.0,0.0,0.0,0.0,0.0,40.827642,-73.904473,321.6666666666667,312.0
12X480,0.0,0.0,0.0,0.0,0.0,0.0,0.0,0.0,0.0,0.0,40.823532,-73.898872,393.6666666666667,385.0
12X446,0.0,0.0,0.0,0.0,0.0,0.0,0.0,0.0,0.0,0.0,40.823532,-73.898872,367.0,372.0
08X293,0.0,0.0,0.0,0.0,0.0,0.0,0.0,0.0,0.0,0.0,40.840702,-73.838545,386.0,385.0
08X408,0.0,0.0,0.0,0.0,0.0,0.0,0.0,0.0,0.0,0.0,40.840702,-73.838545,396.0,373.0
08X405,0.0,0.0,0.0,0.0,0.0,0.0,0.0,0.0,0.0,0.0,40.840702,-73.838545,413.6666666666667,436.0
09X239,0.0,0.0,0.0,0.0,0.0,0.0,0.0,0.0,0.0,0.0,40.840422,-73.91091,361.3333333333333,355.0
09X414,0.0,0.0,0.0,0.0,0.0,0.0,0.0,0.0,0.0,0.0,40.840422,-73.91091,374.0,364.0
09X329,0.0,0.0,0.0,0.0,0.0,0.0,0.0,0.0,0.0,0.0,40.840422,-73.91091,379.3333333333333,365.0
09X412,0.0,0.0,0.0,0.0,0.0,0.0,0.0,0.0,0.0,0.0,40.840422,-73.91091,361.0,376.0
09X413,0.0,0.0,0.0,0.0,0.0,0.0,0.0,0.0,0.0,0.0,40.840422,-73.91091,407.0,419.0
09X227,0.0,0.0,0.0,0.0,0.0,0.0,0.0,0.0,0.0,0.0,40.840422,-73.91091,349.6666666666667,376.0
11X542,0.0,0.0,0.0,0.0,0.0,0.0,0.0,0.0,0.0,0.0,40.859665,-73.861006,429.3333333333333,438.0
11X541,0.0,0.0,0.0,0.0,0.0,0.0,0.0,0.0,0.0,0.0,40.859665,-73.861006,376.3333333333333,382.0
11X288,0.0,0.0,0.0,0.0,0.0,0.0,0.0,0.0,0.0,0.0,40.859665,-73.861006,449.3333333333333,471.0
11X415,0.0,0.0,0.0,0.0,0.0,0.0,0.0,0.0,0.0,0.0,40.859665,-73.861006,360.3333333333333,361.0
11X299,0.0,0.0,0.0,0.0,0.0,0.0,0.0,0.0,0.0,0.0,40.859665,-73.861006,389.6666666666667,391.0
10X549,0.0,0.0,0.0,0.0,0.0,0.0,0.0,0.0,0.0,0.0,40.870293,-73.898309,371.6666666666667,379.0
12X388,0.0,0.0,0.0,0.0,0.0,0.0,0.0,0.0,0.0,0.0,40.831601,-73.878912,323.3333333333333,351.0
12X692,0.0,0.0,0.0,0.0,0.0,0.0,0.0,0.0,0.0,0.0,40.831601,-73.878912,346.0,357.0
12X690,0.0,0.0,0.0,0.0,0.0,0.0,0.0,0.0,0.0,0.0,40.831601,-73.878912,379.3333333333333,387.0
12X550,0.0,0.0,0.0,0.0,0.0,0.0,0.0,0.0,0.0,0.0,40.831601,-73.878912,313.0,323.0
11X275,0.0,0.0,0.0,0.0,0.0,0.0,0.0,0.0,0.0,0.0,40.875953,-73.86197,370.3333333333333,376.0
11X544,0.0,0.0,0.0,0.0,0.0,0.0,0.0,0.0,0.0,0.0,40.875953,-73.86197,375.3333333333333,378.0
11X265,0.0,0.0,0.0,0.0,0.0,0.0,0.0,0.0,0.0,0.0,40.875953,-73.86197,378.3333333333333,391.0
11X253,0.0,0.0,0.0,0.0,0.0,0.0,0.0,0.0,0.0,0.0,40.875953,-73.86197,382.3333333333333,357.0
11X545,0.0,0.0,0.0,0.0,0.0,0.0,0.0,0.0,0.0,0.0,40.875953,-73.86197,387.6666666666667,393.0
11X290,0.0,0.0,0.0,0.0,0.0,0.0,0.0,0.0,0.0,0.0,40.875953,-73.86197,378.3333333333333,365.0
10X268,0.0,0.0,0.0,0.0,0.0,0.0,0.0,0.0,0.0,0.0,40.870293,-73.898309,320.6666666666667,356.0
10X342,0.0,0.0,0.0,0.0,0.0,0.0,0.0,0.0,0.0,0.0,40.870293,-73.898309,311.3333333333333,333.0
10X433,0.0,0.0,0.0,0.0,0.0,0.0,0.0,0.0,0.0,0.0,40.870293,-73.898309,368.6666666666667,371.0
10X442,0.0,0.0,0.0,0.0,0.0,0.0,0.0,0.0,0.0,0.0,40.870293,-73.898309,423.3333333333333,420.0
10X243,0.0,0.0,0.0,0.0,0.0,0.0,0.0,0.0,0.0,0.0,40.860043,-73.888267,386.0,406.0
10X374,0.0,0.0,0.0,0.0,0.0,0.0,0.0,0.0,0.0,0.0,40.860043,-73.888267,393.3333333333333,401.0
10X438,0.0,0.0,0.0,0.0,0.0,0.0,0.0,0.0,0.0,0.0,40.860043,-73.888267,373.0,385.0
10X437,0.0,0.0,0.0,0.0,0.0,0.0,0.0,0.0,0.0,0.0,40.860043,-73.888267,359.0,350.0
10X439,0.0,0.0,0.0,0.0,0.0,0.0,0.0,0.0,0.0,0.0,40.860043,-73.888267,360.6666666666667,364.0
10X434,0.0,0.0,0.0,0.0,0.0,0.0,0.0,0.0,0.0,0.0,40.860043,-73.888267,407.3333333333333,418.0
10X440,0.0,0.0,0.0,0.0,0.0,0.0,0.0,0.0,0.0,0.0,40.882178,-73.88691,418.3333333333333,426.0
10X445,0.0,2.0,5.0,1.0,0.0,2.13,9.06,14.5,6.06,3.56,40.877590000000005,-73.89104,656.3333333333334,688.0
10X445,0.0,3.0,11.0,2.0,0.0,1.57,7.21,14.07,5.14,2.57,40.877590000000005,-73.89104,656.3333333333334,688.0
10X445,0.0,2.0,7.0,1.0,0.0,1.13,8.47,15.33,3.8,3.07,40.877590000000005,-73.89104,656.3333333333334,688.0
08X540,0.0,0.0,0.0,0.0,0.0,0.0,0.0,0.0,0.0,0.0,40.82229,-73.856167,378.0,400.0
08X305,0.0,0.0,0.0,0.0,0.0,0.0,0.0,0.0,0.0,0.0,40.82229,-73.856167,346.0,361.0
08X312,0.0,0.0,0.0,0.0,0.0,0.0,0.0,0.0,0.0,0.0,40.82229,-73.856167,388.0,402.0
08X295,0.0,0.0,0.0,0.0,0.0,0.0,0.0,0.0,0.0,0.0,40.82229,-73.856167,400.0,390.0
08X452,0.0,0.0,0.0,0.0,0.0,0.0,0.0,0.0,0.0,0.0,40.82229,-73.856167,368.3333333333333,371.0
08X377,0.0,0.0,0.0,0.0,0.0,0.0,0.0,0.0,0.0,0.0,40.82229,-73.856167,370.6666666666667,369.0
11X455,0.0,0.0,0.0,0.0,0.0,0.0,0.0,0.0,0.0,0.0,40.874091,-73.833904,383.6666666666667,397.0
11X249,0.0,0.0,0.0,0.0,0.0,0.0,0.0,0.0,0.0,0.0,40.874091,-73.833904,377.6666666666667,381.0
09X505,2.0,4.0,1.0,2.0,2.0,0.52,1.71,2.49,1.16,0.75,40.827607,-73.918681,408.0,418.0
09X505,1.0,4.0,7.0,3.0,0.0,0.46,1.65,2.77,1.17,0.75,40.827607,-73.918681,408.0,418.0
09X505,0.0,3.0,8.0,1.0,1.0,0.38,1.71,2.38,0.98,0.82,40.827607,-73.918681,408.0,418.0
09X231,0.0,2.0,3.0,1.0,0.0,0.33,1.32,1.76,0.83,0.59,40.844958,-73.89705,378.0,387.0
09X231,1.0,8.0,7.0,2.0,4.0,0.31,1.12,1.82,0.79,0.51,40.844958,-73.89705,378.0,387.0
09X231,2.0,3.0,4.0,0.0,3.0,0.28,1.11,1.74,0.75,0.53,40.844958,-73.89705,378.0,387.0
07X495,0.0,0.0,0.0,0.0,0.0,0.0,0.0,0.0,0.0,0.0,40.81825,-73.91103000000001,400.3333333333333,394.0
07X473,0.0,0.0,0.0,0.0,0.0,0.0,0.0,0.0,0.0,0.0,40.81825,-73.91103000000001,365.6666666666667,375.0
10X477,0.0,0.0,0.0,0.0,0.0,0.0,0.0,0.0,0.0,0.0,40.877105,-73.912256,421.0,435.0
10X475,0.0,0.0,0.0,0.0,0.0,0.0,0.0,0.0,0.0,0.0,40.877105,-73.912256,350.6666666666667,362.0
10X397,0.0,0.0,0.0,0.0,0.0,0.0,0.0,0.0,0.0,0.0,40.877105,-73.912256,343.0,356.0
10X546,0.0,0.0,0.0,0.0,0.0,0.0,0.0,0.0,0.0,0.0,40.877105,-73.912256,354.6666666666667,362.0
10X284,0.0,0.0,0.0,0.0,0.0,0.0,0.0,0.0,0.0,0.0,40.877105,-73.912256,394.0,395.0
10X213,0.0,0.0,0.0,0.0,0.0,0.0,0.0,0.0,0.0,0.0,40.877105,-73.912256,383.3333333333333,412.0
07X600,0.0,0.0,0.0,0.0,0.0,0.0,0.0,0.0,0.0,0.0,40.818232,-73.91986700000001,386.0,400.0
08X650,0.0,0.0,0.0,0.0,0.0,0.0,0.0,0.0,0.0,0.0,40.821675,-73.90354599999999,370.6666666666667,359.0
07X655,0.0,0.0,0.0,0.0,0.0,0.0,0.0,0.0,0.0,0.0,40.810803,-73.907015,394.6666666666667,416.0
10X667,0.0,0.0,0.0,0.0,0.0,0.0,0.0,0.0,0.0,0.0,40.855698,-73.882715,341.0,356.0
10X660,0.0,0.0,0.0,0.0,0.0,0.0,0.0,0.0,0.0,0.0,40.855698,-73.882715,366.6666666666667,382.0
07X548,0.0,0.0,0.0,0.0,0.0,0.0,0.0,0.0,0.0,0.0,40.822309999999995,-73.923829,393.6666666666667,411.0
07X547,0.0,0.0,0.0,0.0,0.0,0.0,0.0,0.0,0.0,0.0,40.822309999999995,-73.923829,361.3333333333333,356.0
07X527,0.0,0.0,0.0,0.0,0.0,0.0,0.0,0.0,0.0,0.0,40.822309999999995,-73.923829,367.6666666666667,378.0
11X418,0.0,7.0,5.0,2.0,4.0,0.33,1.32,1.76,0.83,0.59,40.851405,-73.865036,422.6666666666667,433.0
11X418,0.0,11.0,7.0,8.0,2.0,0.27,1.11,1.38,0.8,0.48,40.851405,-73.865036,422.6666666666667,433.0
11X418,0.0,3.0,1.0,1.0,2.0,0.27,0.9,1.67,0.63,0.44,40.851405,-73.865036,422.6666666666667,433.0
09X525,1.0,10.0,6.0,2.0,6.0,0.33,1.32,1.76,0.83,0.59,40.843588000000004,-73.90323599999999,388.6666666666667,394.0
09X525,0.0,4.0,11.0,1.0,2.0,0.31,1.12,1.82,0.79,0.51,40.843588000000004,-73.90323599999999,388.6666666666667,394.0
09X525,1.0,5.0,9.0,3.0,2.0,0.28,1.11,1.74,0.75,0.53,40.843588000000004,-73.90323599999999,388.6666666666667,394.0
12X682,0.0,1.0,3.0,1.0,0.0,0.35,1.06,1.09,0.73,0.5,40.830870000000004,-73.88626,343.0,346.0
12X682,2.0,2.0,1.0,2.0,2.0,0.27,1.11,1.38,0.8,0.48,40.830870000000004,-73.88626,343.0,346.0
12X682,1.0,1.0,8.0,1.0,1.0,0.27,0.9,1.67,0.63,0.44,40.830870000000004,-73.88626,343.0,346.0
12X684,4.0,10.0,16.0,3.0,5.0,0.33,1.32,1.76,0.83,0.59,40.841794,-73.875366,371.3333333333333,374.0
12X684,0.0,6.0,17.0,4.0,1.0,0.31,1.12,1.82,0.79,0.51,40.841794,-73.875366,371.3333333333333,374.0
12X684,0.0,5.0,16.0,3.0,2.0,0.27,0.9,1.67,0.63,0.44,40.841794,-73.875366,371.3333333333333,374.0
07X670,0.0,0.0,0.0,0.0,0.0,0.0,0.0,0.0,0.0,0.0,40.815938,-73.930386,365.0,368.0
07X427,0.0,0.0,0.0,0.0,0.0,0.0,0.0,0.0,0.0,0.0,40.815938,-73.930386,359.0,359.0
10X696,0.0,0.0,0.0,0.0,0.0,0.35,1.06,1.09,0.73,0.5,40.873938,-73.895382,640.0,648.0
10X696,0.0,0.0,0.0,0.0,0.0,0.27,1.11,1.38,0.8,0.48,40.873938,-73.895382,640.0,648.0
10X696,0.0,0.0,0.0,0.0,0.0,0.27,0.9,1.67,0.63,0.44,40.873938,-73.895382,640.0,648.0
07X321,0.0,0.0,0.0,0.0,0.0,0.43,1.03,1.23,0.99,0.41,40.816532,-73.91174699999999,375.0,364.0
07X321,0.0,0.0,0.0,0.0,0.0,0.36,0.76,1.17,0.64,0.37,40.816532,-73.91174699999999,375.0,364.0
07X321,3.0,3.0,2.0,3.0,3.0,0.24,0.71,1.71,0.51,0.32,40.816532,-73.91174699999999,375.0,364.0
09X263,0.0,0.0,0.0,0.0,0.0,0.0,0.0,0.0,0.0,0.0,40.839244,-73.90131600000001,358.3333333333333,363.0
09X241,0.0,0.0,0.0,0.0,0.0,0.0,0.0,0.0,0.0,0.0,40.839244,-73.90131600000001,430.0,464.0
09X252,0.0,0.0,0.0,0.0,0.0,0.0,0.0,0.0,0.0,0.0,40.839244,-73.90131600000001,364.0,367.0
08X519,0.0,0.0,0.0,0.0,0.0,0.0,0.0,0.0,0.0,0.0,40.821146,-73.881479,366.3333333333333,370.0
12X271,0.0,7.0,7.0,1.0,5.0,0.33,1.32,1.76,0.83,0.59,40.836356,-73.888361,367.3333333333333,378.0
12X271,2.0,5.0,10.0,3.0,3.0,0.31,1.12,1.82,0.79,0.51,40.836356,-73.888361,367.3333333333333,378.0
12X271,1.0,11.0,13.0,8.0,3.0,0.28,1.11,1.74,0.75,0.53,40.836356,-73.888361,367.3333333333333,378.0
24Q560,0.0,1.0,1.0,1.0,0.0,0.31,1.12,1.82,0.79,0.51,40.742839000000004,-73.936782,443.3333333333333,447.0
24Q560,0.0,2.0,0.0,2.0,0.0,0.28,1.11,1.74,0.75,0.53,40.742839000000004,-73.936782,443.3333333333333,447.0
